Date_BCE_CE,Civilization,Political_System_Type,Governance_Structure,Power_Source,Succession_Method,Administrative_System,Military_Organization,Legal_System,Taxation_System,Diplomatic_Relations,Monarchy_Socialism_Stage,Cycle_Alignment,Transition_Mechanism
-3100,Ancient_Egypt_Old_Kingdom,Divine_Monarchy,Pharaonic_Absolutism,Divine_Mandate,Hereditary_Divine,Nome_Administration,Royal_Army,Divine_Law,Tribute_System,Tributary_Relations,Stage_1_Divine_Monarchy,20_50_160_250_500,Religious_Legitimation
-2686,Ancient_Egypt_Old_Kingdom,Centralized_Monarchy,Bureaucratic_State,Administrative_Efficiency,Royal_Appointment,Provincial_Governors,Standing_Army,Royal_Decrees,State_Taxation,Trade_Agreements,Stage_2_Administrative_Monarchy,20_50_160_250_500,Bureaucratic_Systematization
-2181,Ancient_Egypt_Old_Kingdom,Feudal_Fragmentation,Regional_Autonomy,Local_Power_Bases,Local_Succession,Decentralized_Nomes,Local_Militias,Regional_Laws,Local_Tribute,Regional_Alliances,Stage_3_Feudal_Fragmentation,20_50_160_250_500,Administrative_Collapse
-2055,Ancient_Egypt_Middle_Kingdom,Restored_Monarchy,Reunified_State,Military_Conquest,Theban_Victory,Central_Administration,Royal_Military,Unified_Law,Central_Taxation,Imperial_Diplomacy,Stage_4_Restored_Centralization,20_50_160_250_500,Military_Reunification
-1550,Ancient_Egypt_New_Kingdom,Imperial_Monarchy,Empire_Administration,Military_Expansion,Conquest_Legitimacy,Imperial_Bureaucracy,Professional_Army,Imperial_Law,Tribute_Empire,International_Treaties,Stage_5_Imperial_Expansion,20_50_160_250_500,Military_Imperial_Expansion
-1077,Ancient_Egypt_Late_Period,Priestly_Theocracy,Religious_State,Priestly_Authority,Religious_Succession,Temple_Administration,Temple_Guards,Religious_Law,Temple_Taxation,Religious_Diplomacy,Stage_6_Theocratic_Transition,20_50_160_250_500,Religious_Power_Transfer
-332,Ptolemaic_Egypt,Hellenistic_Monarchy,Greek_Administration,Macedonian_Conquest,Dynastic_Succession,Greek_Bureaucracy,Macedonian_Phalanx,Greek_Law,Hellenistic_Taxation,Mediterranean_Diplomacy,Stage_7_Foreign_Monarchy,20_50_160_250_500,Foreign_Conquest_Integration
-30,Roman_Egypt,Imperial_Province,Roman_Administration,Imperial_Appointment,Roman_Succession,Provincial_Government,Roman_Legions,Roman_Law,Imperial_Taxation,Imperial_Diplomacy,Stage_8_Imperial_Province,20_50_160_250_500,Imperial_Integration
313,Christian_Roman_Egypt,Christian_Empire,Religious_Empire,Christian_Legitimacy,Divine_Appointment,Christian_Bureaucracy,Christian_Army,Canon_Law,Church_Taxation,Christian_Diplomacy,Stage_9_Religious_Empire,20_50_160_250_500,Religious_Imperial_Synthesis
429,Vandal_Kingdom,Germanic_Monarchy,Tribal_Kingdom,Conquest_Right,Tribal_Succession,Germanic_Administration,Warrior_Bands,Germanic_Law,Tribute_Extraction,Tribal_Alliances,Stage_10_Tribal_Monarchy,20_50_160_250_500,Tribal_Conquest
534,Byzantine_North_Africa,Imperial_Exarchate,Military_Administration,Imperial_Reconquest,Imperial_Appointment,Military_Government,Imperial_Army,Byzantine_Law,Imperial_Taxation,Imperial_Diplomacy,Stage_11_Military_Administration,20_50_160_250_500,Military_Reconquest
698,Umayyad_North_Africa,Islamic_Caliphate,Religious_Empire,Islamic_Conquest,Caliphal_Appointment,Islamic_Administration,Islamic_Army,Sharia_Law,Islamic_Taxation,Islamic_Diplomacy,Stage_12_Religious_Caliphate,20_50_160_250_500,Religious_Conquest
750,Abbasid_North_Africa,Caliphate_Province,Provincial_Administration,Caliphal_Authority,Abbasid_Appointment,Provincial_Government,Provincial_Army,Islamic_Law,Caliphal_Taxation,Caliphal_Diplomacy,Stage_13_Provincial_Caliphate,20_50_160_250_500,Dynastic_Transition
909,Fatimid_Caliphate,Shia_Caliphate,Sectarian_Empire,Ismaili_Doctrine,Imam_Succession,Shia_Administration,Fatimid_Army,Shia_Law,Caliphal_Taxation,Shia_Diplomacy,Stage_14_Sectarian_Caliphate,20_50_160_250_500,Sectarian_Revolution
1040,Almoravid_Dynasty,Berber_Empire,Tribal_Confederation,Religious_Reform,Tribal_Leadership,Berber_Administration,Tribal_Warriors,Maliki_Law,Tribal_Taxation,Berber_Diplomacy,Stage_15_Tribal_Empire,20_50_160_250_500,Religious_Tribal_Movement
1121,Almohad_Caliphate,Reformed_Caliphate,Unitarian_Empire,Theological_Reform,Religious_Leadership,Reformed_Administration,Reformed_Army,Unitarian_Law,Reformed_Taxation,Reformed_Diplomacy,Stage_16_Reformed_Caliphate,20_50_160_250_500,Theological_Revolution
1229,Hafsid_Dynasty,Independent_Sultanate,Autonomous_Monarchy,Independence_Declaration,Dynastic_Succession,Sultanate_Administration,Sultanate_Army,Sultanate_Law,Independent_Taxation,Independent_Diplomacy,Stage_17_Independent_Sultanate,20_50_160_250_500,Independence_Declaration
1244,Marinid_Dynasty,Scholarly_Sultanate,Educational_Monarchy,Scholarly_Legitimacy,Scholarly_Succession,Educational_Administration,Scholarly_Army,Educational_Law,Educational_Taxation,Scholarly_Diplomacy,Stage_18_Educational_Monarchy,20_50_160_250_500,Educational_Legitimation
1574,Ottoman_North_Africa,Ottoman_Province,Imperial_Administration,Ottoman_Conquest,Ottoman_Appointment,Ottoman_Government,Ottoman_Army,Ottoman_Law,Ottoman_Taxation,Ottoman_Diplomacy,Stage_19_Imperial_Province,20_50_160_250_500,Imperial_Integration
1659,Ottoman_Autonomous_Regencies,Autonomous_Provinces,Semi_Independent_Administration,Local_Autonomy,Local_Succession,Autonomous_Government,Local_Military,Mixed_Law,Autonomous_Taxation,Semi_Independent_Diplomacy,Stage_20_Autonomous_Provinces,20_50_160_250_500,Administrative_Autonomy
1830,French_Colonial_Algeria,Colonial_Administration,Military_Colonialism,European_Conquest,Colonial_Appointment,Colonial_Government,Colonial_Army,Colonial_Law,Colonial_Taxation,Colonial_Diplomacy,Stage_21_Colonial_Administration,20_50_160_250_500,Colonial_Conquest
1871,French_Civilian_Algeria,Civilian_Colonialism,Settler_Administration,Settler_Dominance,French_Appointment,Settler_Government,French_Military,French_Law,Colonial_Taxation,French_Diplomacy,Stage_22_Settler_Colonialism,20_50_160_250_500,Civilian_Colonial_Transition
1954,Algerian_War,Revolutionary_Movement,Liberation_Struggle,National_Liberation,Revolutionary_Leadership,Revolutionary_Organization,Liberation_Army,Revolutionary_Law,Revolutionary_Taxation,Revolutionary_Diplomacy,Stage_23_Revolutionary_Movement,20_50_160_250_500,National_Liberation_Revolution
1962,Independent_Algeria,Socialist_Republic,One_Party_State,Revolutionary_Legitimacy,Party_Succession,Socialist_Administration,People_Army,Socialist_Law,Socialist_Taxation,Non_Aligned_Diplomacy,Stage_24_Socialist_Republic,20_50_160_250_500,Socialist_Revolution
1989,Multi_Party_Algeria,Democratic_Transition,Constitutional_Democracy,Popular_Sovereignty,Democratic_Elections,Democratic_Government,National_Army,Constitutional_Law,Democratic_Taxation,Democratic_Diplomacy,Stage_25_Democratic_Transition,20_50_160_250_500,Democratic_Transition

