Civilization_Name,Start_Year,End_Year,Peak_Year,Geographic_Region,Population_Peak,Political_System,Economic_Base,Religious_System,Cultural_Achievements,Decline_Factors,Successor_Civilization,Primary_Sources,Archaeological_Evidence,Linguistic_Evidence,Genetic_Evidence,Trade_Networks,Military_Organization,Social_Structure,Technological_Innovations,Environmental_Adaptations,External_Influences,Internal_Conflicts,Leadership_Structure,Settlement_Patterns,Agricultural_Practices,Pastoral_Practices,Craft_Specializations,Artistic_Traditions,Oral_Traditions,Written_Records,Colonial_Impact,Modern_Descendants
San Hunter_Gatherer_Societies,-25000,1900,-5000,Southern_Africa_Kalahari_and_Drakensberg,80000,Egalitarian_bands,Hunter_gatherer_subsistence,Animistic_shamanism,Rock_art_and_oral_traditions,Colonial_displacement_and_land_loss,Bantu_pastoralists_and_farmers,Archaeological_sites_and_rock_art,Extensive_rock_art_sites_throughout_region,Click_languages_Tuu_and_Kx_a,Ancient_genetic_lineages,Regional_exchange_networks,Hunting_bands_with_flexible_leadership,Age_and_gender_based_divisions,Sophisticated_tracking_and_hunting_tools,Mountain_and_desert_survival_techniques,Minimal_until_Bantu_expansion,Resource_competition_between_bands,Elder_councils_and_shamans,Seasonal_camps_and_rock_shelters,Gathering_of_wild_plants_and_tubers,None_purely_hunter_gatherer,Tool_making_and_hide_preparation,Rock_paintings_and_engravings,Extensive_oral_history_and_mythology,None_oral_culture,Severe_displacement_and_marginalization,Modern_San_communities_in_Botswana_and_Northern_Cape
Khoikhoi_Pastoralist_Chiefdoms,300,1700,1000,Western_and_Southern_Cape,150000,Chieftaincy_with_clan_structure,Pastoral_economy_with_cattle_and_sheep,Traditional_Khoekhoe_beliefs,Oral_poetry_and_praise_songs,Dutch_colonial_conquest_and_disease,Dutch_Cape_Colony,Oral_traditions_and_early_colonial_records,Settlement_sites_and_burial_grounds,Khoekhoe_language_family,Khoisan_genetic_markers,Extensive_trade_with_interior_and_coast,Warrior_societies_and_raiding_parties,Clan_based_hierarchy_with_chiefs,Iron_working_and_leather_crafts,Coastal_and_inland_transhumance,Dutch_colonialism_and_disease_epidemics,Inter_clan_warfare_and_succession_disputes,Hereditary_chiefs_with_council_of_elders,Seasonal_settlements_following_grazing,Limited_cultivation_of_sorghum,Cattle_and_small_stock_herding,Metalworking_and_pottery,Geometric_pottery_designs,Rich_oral_literature_and_genealogies,None_oral_tradition,Complete_political_subjugation_and_cultural_destruction,Coloured_communities_and_some_Nama_groups
Nguni_Early_Chiefdoms,1000,1400,1200,Eastern_South_Africa,200000,Chieftaincy_with_age_regiments,Mixed_farming_and_pastoralism,Ancestral_worship_and_divination,Iron_working_and_cattle_culture,Population_pressure_and_environmental_stress,Nguni_kingdoms,Oral_traditions_and_archaeological_evidence,Settlement_sites_and_iron_working_remains,Proto_Nguni_languages,Bantu_genetic_markers,Trade_networks_to_coast_and_interior,Age_grade_military_system,Patrilineal_clan_system,Advanced_iron_working_and_agriculture,Highland_and_coastal_adaptation,Limited_external_contact,Succession_disputes_and_territorial_conflicts,Hereditary_chiefs_with_age_grade_councils,Permanent_settlements_with_cattle_enclosures,Sorghum_and_millet_cultivation,Integrated_cattle_and_agriculture,Iron_working_and_pottery,Praise_poetry_and_dance,Clan_genealogies_and_praise_traditions,None_oral_tradition,Transformation_into_larger_kingdoms,Modern_Nguni_speaking_peoples
Sotho_Tswana_Chiefdoms,1200,1600,1400,Interior_Highveld_and_Western_Regions,300000,Chieftaincy_with_ward_system,Agricultural_economy_with_cattle,Ancestral_worship_and_rainmaking,Terraced_agriculture_and_stone_architecture,Drought_and_population_pressure,Sotho_Tswana_kingdoms,Oral_traditions_and_stone_ruins,Stone_walled_settlements_and_terraces,Sotho_Tswana_language_group,Bantu_genetic_markers,Extensive_trade_networks,Age_grade_and_ward_military_organization,Ward_based_social_organization,Stone_architecture_and_terraced_agriculture,Highland_and_semi_arid_adaptation,Limited_external_contact,Inter_chiefdom_warfare_and_succession_disputes,Hereditary_chiefs_with_ward_headmen,Stone_walled_settlements_and_agricultural_terraces,Advanced_terraced_agriculture,Cattle_and_small_stock_management,Stone_working_and_iron_smelting,Geometric_pottery_and_praise_poetry,Rich_oral_traditions_and_genealogies,None_oral_tradition,Evolution_into_larger_kingdoms,Modern_Sotho_Tswana_speaking_peoples
Thembu_Kingdom,1400,1894,1700,Eastern_Cape_Transkei,80000,Paramount_chieftaincy,Mixed_farming_and_pastoralism,Ancestral_worship_and_divination,Praise_poetry_and_oral_traditions,British_colonial_conquest,British_Cape_Colony,Oral_traditions_and_colonial_records,Settlement_sites_and_burial_grounds,IsiXhosa_language,Bantu_genetic_markers,Trade_with_coast_and_interior,Age_grade_military_system,Patrilineal_clan_system_with_paramount_chief,Iron_working_and_agricultural_tools,Coastal_highland_adaptation,Xhosa_expansion_and_British_colonialism,Succession_disputes_and_territorial_conflicts,Paramount_chief_with_regional_chiefs,Permanent_settlements_with_cattle_kraals,Maize_sorghum_and_millet_cultivation,Cattle_and_goat_herding,Iron_working_and_beadwork,Praise_poetry_and_traditional_dance,Clan_genealogies_and_historical_narratives,None_oral_tradition,British_colonial_administration,Modern_Thembu_communities_in_Eastern_Cape
Pondo_Kingdom,1400,1894,1750,Eastern_Cape_Coast,100000,Paramount_chieftaincy,Mixed_farming_and_trade,Ancestral_worship_and_divination,Praise_poetry_and_coastal_trade,British_colonial_conquest,British_Cape_Colony,Oral_traditions_and_colonial_records,Settlement_sites_and_trading_posts,IsiXhosa_language,Bantu_genetic_markers,Extensive_coastal_and_interior_trade,Age_grade_military_system,Patrilineal_clan_system_with_paramount_chief,Iron_working_and_coastal_adaptation,Coastal_adaptation_and_trade_specialization,Portuguese_and_British_contact,Succession_disputes_and_trade_conflicts,Paramount_chief_with_coastal_and_inland_chiefs,Coastal_settlements_and_inland_agricultural_areas,Maize_cultivation_and_coastal_resources,Cattle_herding_and_coastal_fishing,Iron_working_and_shell_crafts,Praise_poetry_and_coastal_traditions,Rich_oral_traditions_and_trade_stories,None_oral_tradition,British_colonial_administration,Modern_Pondo_communities_in_Eastern_Cape
Xhosa_Kingdoms,1500,1894,1750,Eastern_Cape,250000,Paramount_chieftaincy_with_multiple_kingdoms,Mixed_farming_and_pastoralism,Ancestral_worship_and_divination,Praise_poetry_and_military_traditions,British_colonial_conquest_and_frontier_wars,British_Cape_Colony,Oral_traditions_and_extensive_colonial_records,Settlement_sites_and_battlefield_remains,IsiXhosa_language,Bantu_genetic_markers,Trade_networks_to_coast_and_interior,Sophisticated_age_grade_military_system,Complex_patrilineal_clan_system,Advanced_iron_working_and_military_technology,Highland_and_coastal_adaptation,Extensive_contact_with_Dutch_and_British_colonists,Nine_frontier_wars_and_succession_disputes,Multiple_paramount_chiefs_with_regional_authority,Permanent_settlements_with_defensive_positions,Advanced_maize_and_sorghum_cultivation,Sophisticated_cattle_management,Iron_working_and_military_crafts,Rich_praise_poetry_and_military_traditions,Extensive_oral_histories_and_genealogies,Some_missionary_records_from_1820s,Nine_frontier_wars_and_gradual_conquest,Modern_Xhosa_communities_in_Eastern_Cape
Zulu_Kingdom,1816,1879,1840,KwaZulu_Natal,500000,Absolute_monarchy_with_military_state,Military_based_economy_with_cattle,Ancestral_worship_and_royal_divination,Military_innovations_and_praise_poetry,British_colonial_conquest_at_Isandlwana_and_Rorkes_Drift,British_Natal_Colony,Oral_traditions_and_extensive_colonial_records,Settlement_sites_and_battlefield_remains,IsiZulu_language,Bantu_genetic_markers,Extensive_trade_and_tribute_networks,Revolutionary_military_system_with_standing_army,Centralized_military_hierarchy,Revolutionary_military_innovations_assegai_and_tactics,Savanna_and_coastal_adaptation,Extensive_contact_with_British_and_Boer_settlers,Internal_succession_wars_and_British_invasion,Absolute_king_with_military_commanders,Military_kraals_and_royal_residences,Tribute_based_agriculture,Cattle_based_wealth_and_tribute_system,Military_weapon_making_and_crafts,Rich_praise_poetry_and_military_traditions,Extensive_royal_genealogies_and_military_histories,Missionary_and_colonial_records_from_1820s,Anglo_Zulu_War_and_colonial_conquest,Modern_Zulu_communities_in_KwaZulu_Natal
Ndebele_Kingdom_South,1821,1868,1840,Transvaal_Highveld,60000,Military_monarchy,Military_raiding_and_tribute,Ancestral_worship_and_royal_divination,Military_traditions_and_praise_poetry,Boer_trekker_conflicts_and_migration_north,Boer_republics_and_migration_to_Zimbabwe,Oral_traditions_and_Boer_records,Settlement_sites_and_conflict_locations,IsiNdebele_language,Bantu_genetic_markers,Trade_and_raiding_networks,Zulu_style_military_system,Military_hierarchy_with_royal_authority,Zulu_military_innovations,Highveld_adaptation,Boer_trekker_expansion_and_conflicts,Internal_succession_disputes_and_external_pressure,King_with_military_commanders,Military_settlements_and_royal_kraals,Tribute_agriculture,Cattle_raiding_and_tribute,Military_crafts_and_weapons,Praise_poetry_and_military_traditions,Royal_genealogies_and_military_histories,Some_missionary_records,Boer_conflicts_and_migration_north,Modern_Ndebele_communities_in_South_Africa_and_Zimbabwe
Swazi_Kingdom,1750,2025,1850,Swaziland_and_Eastern_Transvaal,80000,Dual_monarchy_with_king_and_queen_mother,Mixed_farming_and_tribute,Ancestral_worship_and_royal_ceremonies,Royal_ceremonies_and_praise_traditions,British_and_Boer_pressure_maintained_independence,Continuing_monarchy,Oral_traditions_and_colonial_records,Settlement_sites_and_royal_residences,SiSwati_language,Bantu_genetic_markers,Regional_trade_networks,Age_grade_military_system,Dual_royal_hierarchy_with_clan_system,Traditional_crafts_and_agriculture,Mountain_and_lowveld_adaptation,British_and_Boer_colonial_pressure,Succession_disputes_and_external_pressure,Dual_monarchy_king_and_queen_mother,Royal_residences_and_clan_settlements,Traditional_agriculture_and_tribute,Cattle_and_tribute_system,Traditional_crafts_and_beadwork,Rich_royal_ceremonies_and_praise_traditions,Royal_genealogies_and_ceremonial_traditions,Some_colonial_records,Limited_colonial_impact_maintained_independence,Modern_Kingdom_of_Eswatini
Basotho_Kingdom,1822,2025,1860,Lesotho_and_surrounding_areas,200000,Constitutional_monarchy,Mountain_agriculture_and_pastoralism,Ancestral_worship_and_Christianity,Mountain_fortress_architecture_and_oral_traditions,Boer_and_British_pressure_became_protectorate,Continuing_monarchy_under_British_protection,Oral_traditions_and_extensive_colonial_records,Mountain_fortress_sites_and_settlements,Sesotho_language,Bantu_genetic_markers,Mountain_trade_networks,Mounted_military_system_with_firearms,Hierarchical_clan_system_with_royal_authority,Mountain_fortress_architecture_and_horse_culture,Mountain_adaptation_and_fortress_strategy,Boer_and_British_colonial_expansion,Internal_succession_disputes_and_external_wars,King_with_chief_councils,Mountain_fortress_settlements,Mountain_terraced_agriculture,Cattle_and_horse_herding,Stone_architecture_and_blanket_weaving,Praise_poetry_and_mountain_traditions,Rich_oral_traditions_and_royal_genealogies,Missionary_records_and_royal_correspondence,British_protectorate_status,Modern_Kingdom_of_Lesotho
Griqua_States,1813,1879,1850,Northern_Cape_and_Transvaal,25000,Elected_captains_and_councils,Mixed_farming_and_trading,Christianity_and_traditional_beliefs,Synthesis_of_European_and_African_cultures,British_and_Boer_expansion,British_and_Boer_administration,Written_records_and_oral_traditions,Settlement_sites_and_mission_stations,Afrikaans_and_indigenous_languages,Mixed_European_and_Khoisan_ancestry,Trade_networks_with_Cape_Colony_and_interior,Mounted_commandos_with_firearms,Mixed_community_with_European_and_African_elements,European_farming_techniques_and_firearms,Semi_arid_adaptation_and_mobility,British_and_Boer_colonial_expansion,Internal_political_divisions_and_land_disputes,Elected_captains_with_councils,Mobile_settlements_and_mission_stations,European_style_agriculture_and_stock_farming,Cattle_and_sheep_farming,European_crafts_and_traditional_skills,Mixed_cultural_traditions,Written_and_oral_community_histories,Mission_records_and_government_correspondence,Loss_of_independence_and_land_rights,Modern_Griqua_communities_in_Northern_Cape
Tswana_Kingdoms,1600,1885,1800,Western_Transvaal_and_Botswana,400000,Chieftaincy_with_ward_system,Agricultural_economy_and_trade,Ancestral_worship_and_rainmaking,Stone_architecture_and_oral_traditions,British_colonial_expansion_and_protectorate_status,British_Bechuanaland_Protectorate,Oral_traditions_and_missionary_records,Stone_walled_settlements_and_archaeological_sites,Setswana_language,Bantu_genetic_markers,Extensive_trade_networks_to_coast,Age_grade_and_ward_military_organization,Ward_based_social_organization_with_chiefs,Stone_architecture_and_agricultural_innovations,Semi_arid_adaptation_and_water_management,British_colonial_expansion_and_missionary_activity,Inter_kingdom_warfare_and_succession_disputes,Paramount_chiefs_with_ward_headmen,Large_stone_walled_settlements,Advanced_agriculture_and_water_management,Cattle_and_small_stock_management,Stone_working_and_pottery,Praise_poetry_and_oral_traditions,Rich_oral_traditions_and_genealogies,Missionary_records_from_1820s,British_protectorate_status,Modern_Tswana_communities_in_Botswana_and_South_Africa
Pedi_Kingdom,1650,1879,1800,Northern_Transvaal_Limpopo,150000,Paramount_chieftaincy,Agricultural_economy_with_tribute,Ancestral_worship_and_rainmaking,Terraced_agriculture_and_oral_traditions,Boer_and_British_conquest,Boer_and_British_administration,Oral_traditions_and_colonial_records,Settlement_sites_and_agricultural_terraces,Sepedi_language,Bantu_genetic_markers,Trade_networks_to_coast_and_interior,Age_grade_military_system,Hierarchical_clan_system_with_paramount_chief,Terraced_agriculture_and_iron_working,Highland_adaptation_and_water_management,Boer_trekker_expansion_and_British_colonialism,Succession_disputes_and_territorial_conflicts,Paramount_chief_with_regional_chiefs,Terraced_settlements_and_agricultural_areas,Advanced_terraced_agriculture,Cattle_and_goat_herding,Iron_working_and_pottery,Praise_poetry_and_initiation_traditions,Rich_oral_traditions_and_genealogies,Some_missionary_records,Boer_and_British_conquest,Modern_Pedi_communities_in_Limpopo
Venda_Kingdom,1700,1898,1850,Northern_Transvaal_Limpopo,60000,Sacred_kingship,Agricultural_economy_with_tribute,Ancestral_worship_and_sacred_kingship,Sacred_sites_and_oral_traditions,British_colonial_conquest,British_administration,Oral_traditions_and_colonial_records,Sacred_sites_and_settlement_remains,Tshivenda_language,Bantu_genetic_markers,Trade_networks_to_coast,Age_grade_military_system,Sacred_hierarchy_with_divine_king,Sacred_architecture_and_crafts,Mountain_adaptation_and_sacred_sites,British_colonial_expansion,Succession_disputes_and_external_pressure,Sacred_king_with_ritual_authority,Sacred_settlements_and_ritual_sites,Terraced_agriculture_and_sacred_groves,Cattle_and_tribute_system,Sacred_crafts_and_pottery,Sacred_traditions_and_praise_poetry,Rich_oral_traditions_and_sacred_narratives,Some_missionary_records,British_colonial_conquest,Modern_Venda_communities_in_Limpopo
Tsonga_Chiefdoms,1500,1895,1750,Eastern_Transvaal_and_Mozambique,120000,Chieftaincy_with_clan_structure,Mixed_farming_and_trade,Ancestral_worship_and_divination,Oral_traditions_and_trade_culture,Portuguese_and_British_colonial_expansion,Portuguese_and_British_administration,Oral_traditions_and_colonial_records,Settlement_sites_and_trading_posts,Xitsonga_language,Bantu_genetic_markers,Extensive_trade_networks_to_coast,Age_grade_military_system,Clan_based_hierarchy_with_chiefs,Traditional_crafts_and_trade_goods,Lowveld_adaptation_and_trade_specialization,Portuguese_and_British_colonial_contact,Inter_clan_warfare_and_succession_disputes,Hereditary_chiefs_with_clan_councils,Permanent_settlements_and_trading_centers,Maize_and_sorghum_cultivation,Cattle_and_goat_herding,Traditional_crafts_and_trade_goods,Oral_traditions_and_praise_poetry,Rich_oral_traditions_and_trade_stories,Some_Portuguese_records,Portuguese_and_British_colonial_administration,Modern_Tsonga_communities_in_South_Africa_and_Mozambique
Boer_Republics,1852,1902,1880,Transvaal_and_Orange_Free_State,200000,Republican_government_with_elected_presidents,Agricultural_economy_and_mining,Dutch_Reformed_Christianity,Afrikaner_culture_and_trekker_traditions,British_imperial_expansion_and_Anglo_Boer_Wars,British_colonial_administration,Extensive_written_records_and_oral_traditions,Settlement_sites_and_battlefield_remains,Afrikaans_language,European_and_some_Khoisan_ancestry,Trade_networks_with_Cape_Colony_and_Europe,Citizen_commandos_and_guerrilla_warfare,Republican_democracy_with_racial_exclusions,European_farming_and_mining_technology,Highveld_adaptation_and_pastoral_farming,British_imperial_expansion_and_mining_interests,Political_divisions_and_succession_disputes,Elected_presidents_and_volksraads,Scattered_farms_and_small_towns,European_style_agriculture_and_stock_farming,Cattle_and_sheep_farming,European_crafts_and_mining,Afrikaner_cultural_traditions,Written_and_oral_Afrikaner_traditions,Extensive_government_and_personal_records,Anglo_Boer_Wars_and_British_conquest,Modern_Afrikaner_communities_in_South_Africa
British_Cape_Colony,1795,1910,1870,Western_and_Eastern_Cape,1000000,Colonial_government_with_governor,Colonial_economy_with_agriculture_and_mining,Christianity_and_traditional_beliefs,Colonial_architecture_and_mixed_cultures,Union_of_South_Africa_formation,Union_of_South_Africa,Extensive_colonial_records_and_archives,Colonial_buildings_and_infrastructure,English_Afrikaans_and_indigenous_languages,Mixed_populations,Global_colonial_trade_networks,British_imperial_army_and_local_forces,Colonial_racial_hierarchy,European_technology_and_administration,Mediterranean_climate_adaptation,Global_British_imperial_system,Frontier_wars_and_political_resistance,Colonial_governor_and_appointed_officials,Colonial_towns_and_agricultural_districts,European_agriculture_and_wine_production,European_livestock_farming,European_industries_and_crafts,Colonial_European_culture,Colonial_records_and_literature,Extensive_colonial_archives,Incorporation_into_Union_of_South_Africa,Modern_South_African_society
British_Natal_Colony,1843,1910,1880,KwaZulu_Natal,500000,Colonial_government_with_governor,Colonial_economy_with_sugar_and_mining,Christianity_and_traditional_beliefs,Colonial_architecture_and_Indian_culture,Union_of_South_Africa_formation,Union_of_South_Africa,Extensive_colonial_records_and_archives,Colonial_buildings_and_sugar_estates,English_and_indigenous_languages,Mixed_populations_including_Indian_indentured_laborers,Global_colonial_trade_networks,British_imperial_army_and_local_forces,Colonial_racial_hierarchy_with_Indian_labor,European_and_Indian_technology,Coastal_and_highland_adaptation,Global_British_imperial_system_and_Indian_labor_migration,Zulu_resistance_and_Indian_political_organization,Colonial_governor_and_appointed_officials,Colonial_towns_and_sugar_plantations,European_agriculture_and_sugar_production,European_livestock_farming,European_and_Indian_industries,Colonial_European_and_Indian_cultures,Colonial_records_and_literature,Extensive_colonial_archives,Incorporation_into_Union_of_South_Africa,Modern_South_African_society
Union_of_South_Africa,1910,1994,1950,All_of_South_Africa,15000000,Parliamentary_system_with_racial_exclusions,Industrial_economy_with_mining_and_agriculture,Christianity_and_traditional_beliefs,Apartheid_system_and_resistance_movements,International_pressure_and_internal_resistance,Democratic_South_Africa,Extensive_government_records_and_resistance_documents,Apartheid_infrastructure_and_resistance_sites,Multiple_official_languages,Diverse_populations_under_apartheid_classification,Controlled_international_economy,South_African_Defence_Force_and_police_state,Apartheid_racial_hierarchy,Modern_industrial_technology_under_apartheid,Diverse_climate_adaptation,International_isolation_and_sanctions,Apartheid_resistance_and_liberation_struggle,Prime_ministers_and_apartheid_government,Apartheid_townships_and_white_areas,Controlled_agriculture_under_apartheid,Controlled_livestock_systems,Industrial_development_under_apartheid,Suppressed_African_cultures_and_Afrikaner_nationalism,Resistance_literature_and_political_documents,Extensive_government_and_resistance_archives,End_of_apartheid_and_democratic_transition,Modern_democratic_South_Africa
Democratic_South_Africa,1994,2025,2010,All_of_South_Africa,60000000,Constitutional_democracy,Mixed_economy_with_mining_agriculture_and_services,Religious_freedom_and_diversity,Rainbow_nation_and_cultural_diversity,Ongoing_social_and_economic_challenges,Continuing_democracy,Government_records_and_media_documentation,Democratic_institutions_and_infrastructure,Eleven_official_languages,Diverse_populations_with_equal_rights,Global_integrated_economy,South_African_National_Defence_Force,Democratic_society_with_ongoing_inequality,Modern_technology_and_development,Diverse_climate_and_environmental_challenges,Global_integration_and_African_leadership,Political_competition_and_social_challenges,Elected_presidents_and_democratic_institutions,Urban_and_rural_democratic_communities,Modern_commercial_agriculture,Modern_livestock_and_game_farming,Modern_industries_and_services,Cultural_diversity_and_reconciliation,Democratic_literature_and_media,Extensive_democratic_records_and_media,Ongoing_democratic_development,Modern_South_African_society

