Year,Event_Type,Religious_System,Geographic_Location,Affected_Population,Political_Context,Economic_Impact,Social_Changes,Cultural_Transformation,Resistance_Movements,Syncretism_Elements,Missionary_Activity,Colonial_Policy,Traditional_Response,Long_term_Effects,Primary_Sources,Archaeological_Evidence,Oral_Traditions,Written_Records,Institutional_Changes,Leadership_Changes,Ritual_Modifications,Belief_System_Changes,Educational_Impact,Gender_Role_Changes,Generational_Conflicts,Language_Changes,Art_and_Symbolism_Changes,Settlement_Pattern_Changes,Economic_System_Changes,Political_Authority_Changes,Legal_System_Changes,Marriage_and_Family_Changes,Death_and_Burial_Changes,Seasonal_Cycle_Changes,Initiation_Rite_Changes,Healing_Practice_Changes,Divination_Practice_Changes,Taboo_System_Changes,Sacred_Site_Changes,Oral_Literature_Changes,Music_and_Dance_Changes,Dress_and_Adornment_Changes,Food_and_Dietary_Changes,Technology_Adoption_Changes,Trade_Network_Changes,Warfare_Practice_Changes,Diplomatic_Practice_Changes,Environmental_Relationship_Changes,Astronomical_Knowledge_Changes,Mathematical_System_Changes,Medical_Knowledge_Changes
-25000,San_Shamanic_Tradition_Establishment,San_Shamanic_Animism,Southern_Africa_Kalahari_Drakensberg,80000,Egalitarian_Band_Society,Hunter_Gatherer_Economy,Shamanic_Healing_Practices,Rock_Art_Spiritual_Expression,None,Pure_Traditional_System,None,None,Full_Traditional_Practice,Foundation_of_Southern_African_Spirituality,Rock_Art_Sites,Extensive_Rock_Art_Evidence,Rich_Oral_Traditions,None,Shamanic_Councils,Elder_Shamans,Trance_Dance_Rituals,Animistic_Worldview,Oral_Knowledge_Transmission,Gender_Complementarity_in_Spiritual_Roles,Elder_Respect_System,Click_Language_Development,Sacred_Rock_Art_Creation,Seasonal_Camp_Movement,Gift_Economy_System,Consensus_Decision_Making,Customary_Law_System,Flexible_Partnership_Arrangements,Ancestor_Veneration_Practices,Seasonal_Ceremony_Cycles,Gender_Specific_Initiation,Plant_Medicine_Healing,Divination_Through_Trance,Sacred_Animal_Taboos,Sacred_Rock_Art_Sites,Mythological_Storytelling,Trance_Dance_Traditions,Minimal_Clothing_Sacred_Scarification,Wild_Food_Gathering_Practices,Stone_Tool_Sacred_Creation,Regional_Exchange_Networks,Defensive_Hunting_Strategies,Peaceful_Negotiation_Practices,Harmonious_Environmental_Integration,Star_Navigation_Knowledge,Counting_and_Tracking_Systems,Extensive_Plant_Medicine_Knowledge
300,Khoikhoi_Pastoralist_Religion_Introduction,Khoikhoi_Traditional_Beliefs,Western_Southern_Cape,150000,Chieftaincy_Development,Pastoral_Economy_Establishment,Cattle_Spiritual_Significance,Praise_Poetry_Development,None,Integration_with_San_Beliefs,None,None,Traditional_Synthesis,Pastoral_Religious_Complex,Oral_Traditions,Settlement_Sites,Praise_Poetry_Traditions,None,Chief_Religious_Authority,Hereditary_Religious_Leaders,Cattle_Blessing_Ceremonies,Ancestral_Cattle_Spirits,Oral_Praise_Tradition,Women_Cattle_Milk_Roles,Age_Grade_Religious_Roles,Khoekhoe_Language_Spread,Geometric_Pottery_Designs,Seasonal_Grazing_Settlements,Cattle_Wealth_System,Chief_Divine_Authority,Customary_Cattle_Law,Cattle_Bride_Price_System,Cattle_Sacrifice_Burials,Seasonal_Cattle_Ceremonies,Cattle_Herding_Initiation,Cattle_Medicine_Healing,Cattle_Divination_Practices,Cattle_Slaughter_Taboos,Sacred_Grazing_Grounds,Cattle_Praise_Poetry,Cattle_Dance_Traditions,Leather_Clothing_Significance,Milk_and_Meat_Dietary_Laws,Iron_Tool_Sacred_Creation,Cattle_Trade_Networks,Cattle_Raiding_Warfare,Cattle_Exchange_Diplomacy,Pastoral_Environmental_Management,Seasonal_Star_Cattle_Timing,Cattle_Counting_Systems,Cattle_Disease_Medicine_Knowledge
1000,Nguni_Ancestral_Religion_Establishment,Nguni_Traditional_Beliefs,Eastern_South_Africa,200000,Chieftaincy_Formation,Mixed_Farming_Economy,Sacred_Cattle_Traditions,Praise_Poetry_Elaboration,None,Synthesis_with_Local_Traditions,None,None,Full_Traditional_Development,Complex_Bantu_Religion,Oral_Traditions,Settlement_Sites,Extensive_Praise_Traditions,None,Chief_Religious_Authority,Ancestral_Specialists,Ancestral_Worship_Rituals,Ancestral_Cattle_Communion,Praise_Poetry_Education,Women_Ancestral_Roles,Age_Grade_Spiritual_Progression,Proto_Nguni_Language_Development,Ancestral_Symbolism,Permanent_Settlement_Sacred_Geography,Mixed_Economy_Spiritual_System,Chief_Ancestral_Authority,Ancestral_Law_System,Patrilineal_Ancestral_Inheritance,Ancestral_Burial_Rites,Ancestral_Seasonal_Cycles,Age_Grade_Ancestral_Initiation,Ancestral_Healing_Practices,Ancestral_Divination_Systems,Ancestral_Taboos,Ancestral_Sacred_Sites,Ancestral_Praise_Literature,Ancestral_Dance_Traditions,Traditional_Dress_Significance,Ancestral_Food_Ceremonies,Traditional_Iron_Working,Trade_Spiritual_Aspects,Ancestral_Warfare_Rituals,Ancestral_Diplomatic_Practices,Ancestral_Environmental_Stewardship,Ancestral_Astronomical_Knowledge,Ancestral_Mathematics,Ancestral_Healing_Medicine
1200,Sotho_Tswana_Traditional_Religion_Systematization,Sotho_Tswana_Traditional_Beliefs,Interior_Highveld_Western_Regions,300000,Chieftaincy_Establishment,Agricultural_Economy_Integration,Rainmaking_Authority,Stone_Architecture_Sacred_Traditions,None,Agricultural_Synthesis,None,None,Complex_Traditional_System,Highland_Agricultural_Religion,Oral_Traditions,Stone_Walled_Sites,Rainmaking_Traditions,None,Chief_Rainmaker_Authority,Rainmaking_Specialists,Rainmaking_Ceremonies,Ancestral_Rain_Spirits,Oral_Agricultural_Education,Women_Agricultural_Roles,Age_Grade_Agricultural_Training,Sotho_Tswana_Language_Elaboration,Stone_Architecture_Symbolism,Stone_Walled_Sacred_Geography,Agricultural_Tribute_System,Chief_Rainmaker_Authority,Ancestral_Agricultural_Law,Agricultural_Marriage_Alliances,Ancestral_Agricultural_Burial_Complexes,Seasonal_Agricultural_Ceremonies,Agricultural_Initiation_Schools,Traditional_Healing_Traditions,Rainmaking_Divination_Practices,Agricultural_Food_Taboos,Sacred_Agricultural_Sites,Agricultural_Praise_Literature,Agricultural_Court_Ceremonies,Traditional_Dress_Traditions,Agricultural_Feast_Ceremonies,Stone_Working_Traditions,Agricultural_Trade_Networks,Traditional_Military_Rituals,Rainmaking_Diplomatic_Ceremonies,Agricultural_Environmental_Management,Agricultural_Astronomical_Observations,Agricultural_Mathematical_Systems,Traditional_Medical_Traditions
1400,Thembu_Pondo_Religious_Consolidation,Xhosa_Traditional_Beliefs,Eastern_Cape_Transkei,180000,Paramount_Chieftaincy_Establishment,Coastal_Trade_Integration,Ancestral_Authority_Traditions,Coastal_Culture_Elaboration,None,Coastal_Tradition_Adaptation,None,None,Coastal_Traditional_Development,Coastal_Bantu_Religion,Oral_Traditions,Coastal_Settlement_Sites,Coastal_Praise_Traditions,None,Paramount_Chief_Religious_Authority,Coastal_Ancestral_Specialists,Coastal_Ancestral_Ceremonies,Coastal_Ancestral_Beliefs,Coastal_Oral_Education,Coastal_Women_Roles,Coastal_Age_Grade_Progression,IsiXhosa_Language_Development,Coastal_Symbolism,Coastal_Settlement_Geography,Coastal_Trade_Economy,Paramount_Chief_Authority,Coastal_Customary_Law,Coastal_Marriage_System,Coastal_Ancestral_Burial_Traditions,Coastal_Seasonal_Ceremonies,Coastal_Initiation,Coastal_Healing_Practices,Coastal_Divination_Traditions,Coastal_Taboos,Coastal_Sacred_Sites,Coastal_Praise_Poetry,Coastal_Dance_Traditions,Coastal_Dress_Traditions,Coastal_Food_Ceremonies,Coastal_Craft_Traditions,Coastal_Trade_Networks,Coastal_Military_Rituals,Coastal_Diplomatic_Ceremonies,Coastal_Environmental_Management,Coastal_Astronomical_Knowledge,Coastal_Mathematical_Systems,Coastal_Medical_Knowledge
1500,Xhosa_Traditional_Religion_Elaboration,Xhosa_Traditional_Beliefs,Eastern_Cape,250000,Multiple_Kingdom_Formation,Mixed_Economy_Expansion,Complex_Ancestral_System,Military_Tradition_Integration,None,Military_Spiritual_Synthesis,None,None,Military_Traditional_System,Military_Bantu_Religion,Oral_Traditions,Military_Settlement_Sites,Military_Praise_Traditions,None,Multiple_Paramount_Religious_Authority,Military_Ancestral_Specialists,Military_Ancestral_Ceremonies,Military_Ancestral_Beliefs,Military_Oral_Education,Military_Women_Roles,Military_Age_Grade_Progression,IsiXhosa_Language_Elaboration,Military_Symbolism,Military_Settlement_Geography,Military_Economy,Multiple_Paramount_Authority,Military_Customary_Law,Military_Marriage_System,Military_Ancestral_Burial_Traditions,Military_Seasonal_Ceremonies,Military_Initiation,Military_Healing_Practices,Military_Divination_Traditions,Military_Taboos,Military_Sacred_Sites,Military_Praise_Poetry,Military_Dance_Traditions,Military_Dress_Traditions,Military_Food_Ceremonies,Military_Craft_Traditions,Military_Trade_Networks,Military_Warfare_Rituals,Military_Diplomatic_Ceremonies,Military_Environmental_Management,Military_Astronomical_Knowledge,Military_Mathematical_Systems,Military_Medical_Knowledge
1650,Dutch_Colonial_Religious_Contact,Dutch_Reformed_Christianity,Western_Cape,150000,Dutch_Colonial_Establishment,Colonial_Economy_Introduction,European_Religious_Introduction,Cultural_Contact_Beginning,Khoikhoi_Resistance,Christian_Traditional_Contact,Dutch_Reformed_Mission_Activity,Dutch_Colonial_Religious_Policy,Selective_Traditional_Resistance,Initial_Religious_Transformation,Dutch_Colonial_Records,Colonial_Settlement_Sites,Resistance_Stories,Dutch_Colonial_Documents,Dutch_Reformed_Church_Establishment,Dutch_Colonial_Religious_Leaders,Christian_Worship_Introduction,Christian_God_Traditional_Integration,Mission_School_Introduction,Christian_Marriage_Introduction,Christian_Traditional_Generational_Conflict,Dutch_Language_Introduction,Christian_Symbolism_Introduction,Colonial_Settlement_Introduction,Colonial_Economy_Introduction,Colonial_Authority_Introduction,Dutch_Colonial_Law_Introduction,Christian_Marriage_System_Introduction,Christian_Burial_Practice_Introduction,Christian_Calendar_Introduction,Christian_Confirmation_Introduction,Christian_Healing_Introduction,Christian_Divination_Rejection,Christian_Dietary_Introduction,Church_Building_Introduction,Biblical_Literature_Introduction,Christian_Hymn_Introduction,European_Dress_Introduction,Christian_Dietary_Laws_Introduction,European_Technology_Introduction,Colonial_Trade_Introduction,Christian_Pacifism_Introduction,Christian_Diplomatic_Introduction,Christian_Environmental_Introduction,Christian_Astronomical_Introduction,European_Mathematical_Introduction,European_Medical_Introduction
1737,Khoikhoi_Smallpox_Epidemic_Religious_Crisis,Religious_Crisis_and_Transformation,Western_Cape,100000,Colonial_Expansion_Pressure,Economic_Collapse,Social_Disintegration,Cultural_Breakdown,Desperate_Traditional_Revival,Crisis_Syncretism,Increased_Mission_Activity,Colonial_Medical_Policy,Traditional_Healing_Failure,Fundamental_Religious_Crisis,Colonial_Medical_Records,Epidemic_Sites,Survivor_Testimonies,Colonial_Medical_Documents,Traditional_Institution_Collapse,Traditional_Leader_Death,Ritual_System_Breakdown,Belief_System_Crisis,Educational_System_Collapse,Gender_Role_Breakdown,Generational_Trauma,Language_Suppression,Cultural_Symbol_Loss,Settlement_Abandonment,Economic_System_Collapse,Authority_Structure_Collapse,Legal_System_Breakdown,Family_Structure_Destruction,Burial_Practice_Crisis,Ceremonial_Cycle_Disruption,Initiation_Rite_Collapse,Healing_Practice_Failure,Divination_Practice_Crisis,Taboo_System_Breakdown,Sacred_Site_Abandonment,Oral_Literature_Loss,Musical_Tradition_Disruption,Dress_Tradition_Loss,Dietary_Practice_Crisis,Traditional_Technology_Loss,Trade_Network_Collapse,Warfare_Practice_Disruption,Diplomatic_Practice_Breakdown,Environmental_Knowledge_Loss,Astronomical_Knowledge_Loss,Mathematical_System_Loss,Medical_Knowledge_Crisis
1816,Zulu_Kingdom_Religious_Revolution,Zulu_Military_Spirituality,KwaZulu_Natal,500000,Shaka_Military_Revolution,Military_Economy_Establishment,Military_Spiritual_System,Military_Culture_Creation,Traditional_Resistance,Military_Traditional_Synthesis,Limited_Mission_Activity,No_Colonial_Policy,Military_Traditional_Integration,Revolutionary_Military_Religion,Oral_Traditions,Military_Settlement_Sites,Military_Praise_Traditions,Some_Missionary_Records,Military_Religious_Authority,Military_Spiritual_Leaders,Military_Ritual_System,Military_Ancestral_Beliefs,Military_Education_System,Military_Women_Roles,Military_Age_Grade_System,IsiZulu_Language_Development,Military_Symbolism,Military_Settlement_Geography,Military_Economy,Military_Authority,Military_Law_System,Military_Marriage_System,Military_Burial_Traditions,Military_Seasonal_Ceremonies,Military_Initiation,Military_Healing_Practices,Military_Divination_Traditions,Military_Taboos,Military_Sacred_Sites,Military_Praise_Poetry,Military_Dance_Traditions,Military_Dress_Traditions,Military_Food_Ceremonies,Military_Craft_Traditions,Military_Trade_Networks,Revolutionary_Warfare_Rituals,Military_Diplomatic_Ceremonies,Military_Environmental_Management,Military_Astronomical_Knowledge,Military_Mathematical_Systems,Military_Medical_Knowledge
1820,British_Settler_Christian_Expansion,British_Protestant_Christianity,Eastern_Cape,250000,British_Colonial_Expansion,Colonial_Economy_Expansion,Protestant_Religious_Introduction,Cultural_Contact_Intensification,Xhosa_Resistance,Christian_Traditional_Conflict,British_Mission_Society_Activity,British_Colonial_Religious_Policy,Active_Traditional_Resistance,Religious_Conflict_Intensification,British_Colonial_Records,Mission_Station_Sites,Resistance_Testimonies,British_Missionary_Records,British_Protestant_Church_Establishment,British_Missionary_Leaders,Protestant_Worship_Services,Protestant_Traditional_Conflict,British_Mission_School_Expansion,Protestant_Marriage_Changes,Protestant_Traditional_Generational_Tension,English_Language_Introduction,Protestant_Symbolism,Mission_Settlement_Expansion,Mission_Agricultural_Economy,British_Colonial_Authority,British_Colonial_Law,Protestant_Marriage_Practices,Protestant_Burial_Traditions,Protestant_Calendar_Observances,Protestant_Confirmation_Rites,Protestant_Healing_Practices,Protestant_Divination_Rejection,Protestant_Food_Blessing,Protestant_Church_Development,Biblical_Literature_Expansion,Protestant_Musical_Traditions,Protestant_Dress_Influences,Protestant_Feast_Traditions,British_Craft_Introduction,Mission_Trade_Development,Protestant_Conflict_Resolution,Protestant_Peace_Making,Protestant_Environmental_Ethics,Protestant_Time_Keeping,British_Numerical_Systems,Protestant_Medical_Missions
1822,Basotho_Kingdom_Christian_Integration,Basotho_Traditional_Christianity,Lesotho,200000,Moshoeshoe_Kingdom_Formation,Mountain_Economy_Development,Christian_Traditional_Integration,Mountain_Culture_Synthesis,Balanced_Integration,Christian_Traditional_Synthesis,Paris_Evangelical_Mission_Activity,British_Protectorate_Religious_Policy,Selective_Christian_Adoption,Successful_Religious_Integration,Oral_Traditions,Mountain_Settlement_Sites,Integration_Stories,Missionary_Records,Integrated_Religious_System,Christian_Traditional_Leaders,Integrated_Worship_Services,Christian_Traditional_Integration,Integrated_Education_System,Integrated_Gender_Roles,Integrated_Generational_Harmony,Sesotho_English_Language_Mix,Integrated_Symbolism,Mountain_Settlement_Integration,Integrated_Economy,Integrated_Authority,Integrated_Legal_System,Integrated_Marriage_System,Integrated_Burial_Practices,Integrated_Calendar_System,Integrated_Initiation_System,Integrated_Healing_System,Integrated_Divination_System,Integrated_Food_System,Integrated_Sacred_Sites,Integrated_Literature,Integrated_Musical_Traditions,Integrated_Dress_System,Integrated_Dietary_System,Integrated_Technology,Integrated_Trade_Networks,Integrated_Military_System,Integrated_Diplomatic_System,Integrated_Environmental_System,Integrated_Knowledge_System,Integrated_Mathematical_System,Integrated_Medical_System
1835,Xhosa_Cattle_Killing_Religious_Crisis,Xhosa_Prophetic_Movement,Eastern_Cape,100000,Frontier_War_Pressure,Economic_Catastrophe,Social_Collapse,Cultural_Crisis,Prophetic_Movement,Crisis_Prophecy,Mission_Response,British_Colonial_Exploitation,Prophetic_Response,Catastrophic_Religious_Crisis,Colonial_Records,Cattle_Killing_Sites,Prophetic_Testimonies,Colonial_Government_Documents,Prophetic_Institution_Rise,Prophetic_Leaders,Prophetic_Ritual_System,Prophetic_Belief_System,Educational_System_Crisis,Gender_Role_Crisis,Generational_Prophetic_Conflict,Language_Crisis,Cultural_Symbol_Crisis,Settlement_Abandonment,Economic_System_Collapse,Authority_Structure_Crisis,Legal_System_Crisis,Family_Structure_Crisis,Burial_Practice_Crisis,Ceremonial_Cycle_Crisis,Initiation_Rite_Crisis,Healing_Practice_Crisis,Prophetic_Divination,Taboo_System_Crisis,Sacred_Site_Crisis,Oral_Literature_Crisis,Musical_Tradition_Crisis,Dress_Tradition_Crisis,Dietary_Practice_Crisis,Traditional_Technology_Crisis,Trade_Network_Crisis,Warfare_Practice_Crisis,Diplomatic_Practice_Crisis,Environmental_Crisis,Astronomical_Knowledge_Crisis,Mathematical_System_Crisis,Medical_Knowledge_Crisis
1860,Swazi_Kingdom_Christian_Adaptation,Swazi_Traditional_Christianity,Swaziland,80000,Dual_Monarchy_Maintenance,Traditional_Economy_Maintenance,Christian_Traditional_Balance,Cultural_Adaptation,Balanced_Adaptation,Christian_Traditional_Balance,Methodist_Mission_Activity,British_Protectorate_Policy,Adaptive_Integration,Successful_Religious_Adaptation,Oral_Traditions,Royal_Settlement_Sites,Adaptation_Stories,Missionary_Records,Balanced_Religious_System,Dual_Religious_Leaders,Balanced_Worship_Services,Balanced_Belief_Integration,Balanced_Education_System,Balanced_Gender_Roles,Balanced_Generational_Integration,SiSwati_English_Language_Balance,Balanced_Symbolism,Royal_Settlement_Balance,Balanced_Economy,Balanced_Authority,Balanced_Legal_System,Balanced_Marriage_System,Balanced_Burial_Practices,Balanced_Calendar_System,Balanced_Initiation_System,Balanced_Healing_System,Balanced_Divination_System,Balanced_Food_System,Balanced_Sacred_Sites,Balanced_Literature,Balanced_Musical_Traditions,Balanced_Dress_System,Balanced_Dietary_System,Balanced_Technology,Balanced_Trade_Networks,Balanced_Military_System,Balanced_Diplomatic_System,Balanced_Environmental_System,Balanced_Knowledge_System,Balanced_Mathematical_System,Balanced_Medical_System
1879,Zulu_Kingdom_Defeat_Religious_Transformation,Zulu_Traditional_Christianity,KwaZulu_Natal,400000,Anglo_Zulu_War_Defeat,Colonial_Economy_Imposition,Religious_Transformation,Cultural_Disruption,Traditional_Resistance,Forced_Christian_Integration,Increased_Mission_Activity,British_Colonial_Religious_Policy,Resistant_Adaptation,Forced_Religious_Transformation,Colonial_Records,Battlefield_Sites,Defeat_Testimonies,Colonial_Government_Documents,Colonial_Religious_System,Colonial_Religious_Leaders,Colonial_Worship_Services,Colonial_Belief_Imposition,Colonial_Education_System,Colonial_Gender_Role_Imposition,Colonial_Generational_Control,English_Language_Imposition,Colonial_Symbolism,Colonial_Settlement_Imposition,Colonial_Economy_Imposition,Colonial_Authority_Imposition,Colonial_Legal_System,Colonial_Marriage_Control,Colonial_Burial_Control,Colonial_Calendar_Control,Colonial_Education_Control,Colonial_Medical_Control,Colonial_Divination_Control,Colonial_Food_Control,Colonial_Sacred_Site_Control,Colonial_Literature_Control,Colonial_Cultural_Control,Colonial_Dress_Control,Colonial_Dietary_Control,Colonial_Technology_Control,Colonial_Trade_Control,Colonial_Military_Control,Colonial_Diplomatic_Control,Colonial_Environmental_Control,Colonial_Knowledge_Control,Colonial_Mathematical_Control,Colonial_Medical_Control
1910,Union_of_South_Africa_Religious_Institutionalization,Institutionalized_Christianity,All_of_South_Africa,5000000,Union_Formation,Industrial_Economy,Institutionalized_Religion,Cultural_Institutionalization,Underground_Traditional_Resistance,Institutionalized_Syncretism,Institutionalized_Mission_Activity,Union_Religious_Policy,Underground_Resistance,Institutionalized_Religious_Control,Union_Records,Institutional_Sites,Underground_Testimonies,Union_Government_Documents,Institutionalized_Religious_System,Institutionalized_Religious_Leadership,Institutionalized_Worship_Services,Institutionalized_Belief_System,Institutionalized_Education_System,Institutionalized_Gender_Control,Institutionalized_Generational_Control,Institutionalized_Language_Policy,Institutionalized_Symbolism,Institutionalized_Settlement_Control,Institutionalized_Economic_Control,Institutionalized_Authority_System,Institutionalized_Legal_System,Institutionalized_Marriage_Control,Institutionalized_Burial_Control,Institutionalized_Calendar_Control,Institutionalized_Education_Control,Institutionalized_Medical_Control,Institutionalized_Divination_Control,Institutionalized_Food_Control,Institutionalized_Sacred_Site_Control,Institutionalized_Literature_Control,Institutionalized_Cultural_Control,Institutionalized_Dress_Control,Institutionalized_Dietary_Control,Institutionalized_Technology_Control,Institutionalized_Trade_Control,Institutionalized_Military_Control,Institutionalized_Diplomatic_Control,Institutionalized_Environmental_Control,Institutionalized_Knowledge_Control,Institutionalized_Mathematical_Control,Institutionalized_Medical_Control
1948,Apartheid_Religious_Control,Apartheid_Christianity,All_of_South_Africa,12000000,Apartheid_System_Implementation,Apartheid_Economy,Apartheid_Religious_Control,Apartheid_Cultural_Control,Liberation_Theology_Resistance,Apartheid_Syncretism,Apartheid_Mission_Control,Apartheid_Religious_Policy,Liberation_Resistance,Apartheid_Religious_System,Apartheid_Records,Apartheid_Infrastructure,Liberation_Testimonies,Apartheid_Documentation,Apartheid_Religious_System,Apartheid_Religious_Leadership,Apartheid_Worship_Control,Apartheid_Belief_Control,Apartheid_Education_Control,Apartheid_Gender_Control,Apartheid_Generational_Control,Apartheid_Language_Control,Apartheid_Symbolism_Control,Apartheid_Settlement_Control,Apartheid_Economic_Control,Apartheid_Authority_Control,Apartheid_Legal_Control,Apartheid_Marriage_Control,Apartheid_Burial_Control,Apartheid_Calendar_Control,Apartheid_Education_Control,Apartheid_Medical_Control,Apartheid_Divination_Control,Apartheid_Food_Control,Apartheid_Sacred_Site_Control,Apartheid_Literature_Control,Apartheid_Cultural_Control,Apartheid_Dress_Control,Apartheid_Dietary_Control,Apartheid_Technology_Control,Apartheid_Trade_Control,Apartheid_Military_Control,Apartheid_Diplomatic_Control,Apartheid_Environmental_Control,Apartheid_Knowledge_Control,Apartheid_Mathematical_Control,Apartheid_Medical_Control
1976,Soweto_Uprising_Religious_Liberation,Liberation_Theology,All_of_South_Africa,20000000,Apartheid_Resistance,Liberation_Economy,Religious_Liberation,Cultural_Liberation,Liberation_Movement,Liberation_Syncretism,Liberation_Mission_Activity,Anti_Apartheid_Religious_Policy,Active_Liberation_Resistance,Religious_Liberation_Movement,Liberation_Documents,Resistance_Sites,Liberation_Testimonies,Liberation_Literature,Liberation_Religious_Movement,Liberation_Religious_Leaders,Liberation_Worship_Services,Liberation_Theology,Liberation_Education,Liberation_Gender_Equality,Liberation_Generational_Unity,Liberation_Language_Revival,Liberation_Symbolism,Liberation_Settlement_Organization,Liberation_Economic_Cooperation,Liberation_Authority_Development,Liberation_Legal_Alternatives,Liberation_Marriage_Equality,Liberation_Burial_Dignity,Liberation_Calendar_Resistance,Liberation_Education_Development,Liberation_Medical_Alternatives,Liberation_Divination_Revival,Liberation_Food_Sharing,Liberation_Sacred_Site_Reclamation,Liberation_Literature_Development,Liberation_Cultural_Revival,Liberation_Dress_Freedom,Liberation_Dietary_Freedom,Liberation_Technology_Development,Liberation_Trade_Cooperation,Liberation_Military_Organization,Liberation_Diplomatic_Development,Liberation_Environmental_Restoration,Liberation_Knowledge_Revival,Liberation_Mathematical_Education,Liberation_Medical_Development
1994,Democratic_South_Africa_Religious_Freedom,Religious_Pluralism,All_of_South_Africa,40000000,Democratic_Transition,Free_Market_Economy,Religious_Freedom_Establishment,Cultural_Revival,Peaceful_Transition,Religious_Diversity_Celebration,Interfaith_Cooperation,Religious_Freedom_Policy,Peaceful_Coexistence,Complete_Religious_Freedom,Democratic_Documents,Democratic_Sites,Freedom_Testimonies,Constitutional_Documents,Multi_Religious_System,Diverse_Religious_Leadership,Interfaith_Worship_Services,Religious_Diversity_Acceptance,Multi_Cultural_Education,Gender_Religious_Equality,Intergenerational_Religious_Harmony,Multi_Language_Religious_Services,Religious_Diversity_Symbolism,Free_Settlement_Patterns,Free_Market_Religious_Economy,Democratic_Religious_Authority,Constitutional_Religious_Law,Free_Marriage_Choices,Diverse_Burial_Practices,Multi_Cultural_Calendar,Free_Religious_Education,Integrated_Medical_Systems,Religious_Divination_Freedom,Religious_Dietary_Freedom,Religious_Sacred_Site_Protection,Religious_Literature_Freedom,Religious_Cultural_Expression,Religious_Dress_Freedom,Religious_Dietary_Diversity,Religious_Technology_Freedom,Religious_Trade_Freedom,Religious_Peaceful_Practices,Religious_Diplomatic_Freedom,Religious_Environmental_Stewardship,Religious_Knowledge_Freedom,Religious_Mathematical_Integration,Religious_Medical_Integration

