ID,Name,Latitude,Longitude,Country,City
1,Baluard de la Reina,41.618035,0.6276388,,
2,Baluard de Louvigny,41.6191614,0.6270318,,
3,Baluard del Rei,41.6181617,0.6247702,,
4,Baluard de l'Assumpció,41.6173385,0.6263569,,
5,Baluard de la Mitja Lluna,41.6176419,0.6254325,,
6,Simibaluard Baix del Rei,41.6179233,0.624458,,
7,Punta de Diamant,41.6174699,0.6239894,,
8,Simibaluard Baix de Louvigny,41.6188944,0.6259533,,
10,,43.5102302,16.4383404,,
11,,43.5099136,16.4408079,,
12,,43.5101402,16.4412058,,
13,,43.5102004,16.4398687,,
14,,43.5104728,16.4398643,,
15,,43.5106125,16.4400047,,
16,,43.5108058,16.4409465,,
17,,43.5108937,16.4407389,,
18,,43.5103238,16.437122,,
19,,43.5105324,16.4383726,,
20,,43.510644,16.4380304,,
21,,43.5107325,16.4377283,,
22,,43.5108634,16.43728,,
23,,43.510311,16.4371776,,
24,,43.510797,16.4373363,,
25,,43.510688,16.4377114,,
26,,43.5102345,16.4382898,,
27,,43.510611,16.4380104,,
28,,43.510511,16.4383324,,
29,,43.5099538,16.4406654,,
30,,43.5102202,16.4400906,,
31,,43.5101443,16.4405622,,
35,Naarden,52.295,5.16,Netherlands,
36,Italy,45.9056,13.31,Italy,
37,North,49.6167,6.1333,Luxembourg,
38,Suomenlinna Sveaborg,60.1472,25.0,Finland,
39,Elsinore,56.0389,12.6214,Denmark,
40,Fort George,44.6475,-63.5806,Canada,
41,Sweden,55.8833,12.85,Sweden,
42,Neuf-Brisach,48.0178,7.5281,,
43,Sri Lanka Southern,5.9486,80.5469,Sri Lanka,
44,Jaffna,9.6625,80.0075,,
45,Galle,6.03,80.2167,,
46,Kasteel,-6.1275,106.8106,Indonesia,
47,Indonesia South,-5.1333,119.4056,Indonesia,
48,Fort,12.9667,75.75,India,
49,Aguada Fort N,15.4922,73.7725,India,
50,India,25.4583,78.5792,India,
51,Revdanda,18.5333,72.9167,India,
52,Asia,39.9167,116.3972,,
53,Goede Hoop,-33.9258,18.4275,South Africa,
54,Kenya,-4.0625,39.6797,Kenya,
55,Ghana,5.0825,-1.3481,Ghana,
56,Fort S,-15.0333,40.7333,Mozambique,
57,Angola,-8.8,13.2333,Angola,
58,Leydsaemheyt Ghana,5.2833,-0.7333,Ghana,
59,Western,5.3833,-0.4833,,
60,Luanda,-8.8083,13.2233,,
61,Frederiksborg Ghana,4.8,-1.95,Ghana,
62,Africa,26.2333,50.5333,Bahrain,
63,USA,37.0036,-76.3075,USA,
64,New York,40.6911,-74.0164,,
65,Liberty,40.6892,-74.0445,,
66,El Morro,18.4672,-66.1239,Puerto Rico,
67,Québec,46.8072,-71.2075,Canada,
68,Independence N,42.34,-71.0117,USA,
69,Fort McHenry N,39.2633,-76.5797,USA,
70,Florida,29.8978,-81.3114,,
71,Wales,58.7972,-94.2136,Canada,
72,Americas,-42.9167,-73.4,,
73,Island,-33.8547,151.2258,Australia,
74,Glanville N,-34.8461,138.4847,Australia,
75,Jervois,-43.6036,172.7417,New Zealand,
76,Fort Orange Fortaleza de,-7.75,-34.8333,Brazil,
77,Brazil,-8.05,-34.8833,Brazil,
78,Par,-1.45,-48.5,,
79,Rondônia,-12.4167,-64.4167,,
80,Cear,-3.7167,-38.5,,
81,Pernambuco Fernando de,-3.8333,-32.4167,,
82,Pernambuco Tamandaré,-8.75,-35.1,,
83,Bahia,-12.9667,-38.5167,,
84,Itaparica,-12.8833,-38.6833,,
85,Rio de,-22.8833,-43.1167,,
86,Santa,-27.5833,-48.5667,,
87,Catarina,-27.5833,-48.5167,India,
88,Bihu Loukon N,24.8167,93.95,India,
89,Tamil Nadu,13.0833,80.2833,,
90,Fort William,22.5667,88.35,India,
91,Kerala,11.8667,75.3667,,
92,Portugal,38.6667,-27.2167,Portugal,
93,Cascais,38.7,-9.4167,Portugal,
94,Alentejo,38.8833,-7.1667,,
95,Lisbon,38.6667,-9.3167,,
96,Madeira,32.65,-16.9167,,
97,Fort Victoria N,-3.7,128.1833,Indonesia,
98,Fort Nassau N,-4.5167,129.8833,Indonesia,
99,Indonesia Maluku,-0.7833,127.3833,Indonesia,
100,Marlborough N,-3.7833,-102.25,Indonesia,
101,Vastenburg,-7.5667,110.8167,Indonesia,
102,Malaysia,5.4167,100.3333,Malaysia,
103,Japan,41.8,140.75,Japan,
104,Bastion Fort N,41.8167,140.65,Japan,
105,Nagano,36.2,138.4833,,
106,Israel,31.7778,35.2356,,
107,Cuanza Sul,-10.7333,13.75,,
108,Bengo,-9.5,13.9167,,
109,Cuanza Norte,-9.75,14.4833,,
110,Benguela,-12.5833,13.4,,
111,Namibe,-15.2,12.15,Angola,
112,Quicombo Fort N,-12.3667,13.7833,Angola,
113,Zaire,-6.2667,14.25,,
114,Barbuda,17.1167,-61.8333,,
115,Cacheu Fort,12.2667,-16.1667,,
116,Amura,11.8667,-15.5833,,
117,Morocco,34.0667,-4.9833,Morocco,
118,El Jadida,33.2333,-8.5,Morocco,
119,Mozambique,-23.8667,35.3833,Mozambique,
120,Maputo,-25.9667,32.5833,,
121,Ant,-12.3333,40.5833,Mozambique,
122,Sofala,-20.15,34.7333,,
123,Matola,-25.9667,32.4667,Mozambique,
124,Inhambane,-23.8667,35.35,Bahrain,
125,Benin,6.3667,-2.0833,,
126,Canada,44.7417,-65.5183,Canada,
127,New Brunswick,45.8667,-64.2833,,
128,Ontario,43.25,-79.0667,,
129,Mississauga,43.2667,-79.0833,Canada,
130,Fort Plaisance N,47.25,-53.9667,Canada,
131,Newfoundland,47.5667,-52.7,,
132,Salvador de la N,23.1333,-82.35,Cuba,
133,Cuba,23.15,-82.35,Cuba,
134,Havana,23.1167,-82.4167,,
135,Matanzas,23.05,-81.5667,,
136,Conde de,18.15,-65.4333,Puerto Rico,
137,Cruz,18.4667,-66.1667,Puerto Rico,
138,Fort Barrancas N,30.35,-87.3,USA,
139,Jacksonville,30.3833,-81.5,,
140,Guadeloupe,15.9833,-61.7167,France,
141,Martinique,14.6,-61.0667,France,
142,French,4.8833,-52.2667,,
143,Fort Erie,42.9167,-79.0167,USA,
144,Fort Frederick N,39.6167,-78.0,USA,
145,Alabama,30.25,-88.0833,,
146,Louisiana,29.35,-89.45,,
147,New Orleans,30.0667,-89.8,,
148,North Carolina,34.7,-76.6833,,
149,Pennsylvania,39.8667,-75.2167,,
150,Gulf Shores,30.2333,-88.0167,USA,
151,Georgia,32.0333,-80.9,,
152,Fernandina Beach,30.6667,-81.4667,USA,
153,Charleston,32.75,-79.8667,,
154,Zitadelle,50.9833,11.0333,Germany,
155,Mainz Citadel,50.0,8.2667,Germany,
156,Ehrenbreitstein,50.3667,7.6167,Germany,
157,Koblenz,50.35,7.6,Germany,
158,Festung Ulm,48.4,9.9833,Germany,
159,Ingolstadt,48.7667,11.4333,Germany,
160,Festung,49.2167,8.3667,Germany,
161,Festung LandauLandau,49.2,8.1167,Germany,
162,Festung Rastatt Rastatt FortressGermany Baden-Württemberg Rastatt,48.85,8.2,Germany,
163,Spandau,52.5333,13.2,Germany,
164,Poland,52.5833,14.65,Poland,
165,Srebrna G,50.5833,16.65,Poland,
166,Fortress,50.4333,16.65,Poland,
167,Twierdza Nysa Nysa Fortress,50.4667,17.3333,Poland,
168,Twierdza ModlinModlin Fortress Poland,52.45,20.6833,Poland,
169,Subcarpathian,49.7833,22.7667,Poland,
170,Twierdza BoyenBoyen Fortress Poland,54.0333,21.7667,Poland,
171,Greater Poland,52.4,16.9333,Poland,
172,Zegrze,52.4667,21.0333,Poland,
173,Norway,59.2167,10.95,Norway,
174,Vestfold,59.0,10.0333,,
175,Innlandet,60.2,12.0,,
176,Trondheim,63.4333,10.4167,,
177,Finnmark,70.3667,31.0833,,
178,Festning,59.9069,10.7364,Norway,
179,Bohus Fortress Bohus fästning Sweden,57.8667,11.9833,Sweden,
180,Halland,57.1,12.25,,
181,Blekinge,56.1667,15.5833,,
182,Daiba,35.6333,139.7667,Japan,
183,Goa,15.0833,74.05,,
184,Corjuem,15.6667,73.9,,
185,Sri LankaWestern,6.9333,79.8333,Sri Lanka,
186,Karlsborg,58.5167,14.5167,Sweden,
187,Latvia,57.05,24.0333,Latvia,
188,Dinaburg,55.8833,26.5,Latvia,
189,Germany,51.6667,6.6167,Germany,
190,Minden,52.2833,8.9167,Germany,
191,Saarland,49.3167,6.75,,
192,North Rhine-,50.9167,6.3667,,
193,Lublin,50.7167,23.25,,
194,Kamieniec,48.6833,26.566,Ukraine,
195,Ukraine,48.5167,26.483,Ukraine,
196,Ostroh,50.3333,26.516,Ukraine,
197,Rivne,50.4,25.75,,
198,Tiracol Fort,15.9333,73.6667,India,
199,Fort Chapora Chapora Fort India,15.6,73.7333,India,
200,Candolim,15.5,73.7667,India,
201,Dias,15.5,73.8333,India,
202,Vasco da,15.4,73.8,,
203,Island Fort,14.7667,74.1167,India,
204,Sadashivgad Sadashivgad India,14.8167,74.1333,India,
205,Fort Devagad Devagad Fort India,16.9833,73.3167,India,
206,Fort Ratnagiri Bhagwati FortIndia,16.9833,73.3,India,
207,Maharashtra Viziadurg,16.5667,73.5667,,
208,Soyo,-6.1167,12.3667,,
209,Ambriz,-7.85,13.1167,,
210,Canada Newfoundland St. John's,47.5667,-52.6833,Canada,
211,Comté,43.493611,-1.4675,France,
212,Aquitaine,45.933333,-0.983333,France,
213,Perpignan,42.55,2.116667,France,
214,Louis,42.45,2.466667,France,
215,Mollo,43.116667,5.933333,France,
216,France,14.616667,-61.05,France,
217,Terre,4.916667,-52.283333,France,
218,Montjoly,43.283333,5.316667,France,
219,Republic,44.916667,8.616667,Italy,
220,Belvedere,43.766667,11.25,Italy,
221,Filippo,45.483333,12.25,Italy,
222,Imperiale,43.466667,11.033333,Italy,
223,Castellana,43.933333,10.916667,Italy,
224,Sant'Elmo,40.833333,14.25,Italy,
225,Orbetello,42.766667,11.116667,Italy,
226,Livorno,43.316667,11.316667,Italy,
227,Civitavecchia,42.933333,10.533333,Italy,
228,Gaeta,41.216667,13.566667,Italy,
229,Verona,45.433333,10.983333,Italy,
230,Montjuïc,41.36,2.16,Spain,
231,Coru,42.27,2.96,Spain,
232,Castelo,51.75,5.13,Netherlands,
233,Brabant,52.66,6.74,Netherlands,
234,Flanders,51.22,3.25,France,
235,Namur,50.46,4.86,Netherlands,
236,Dinant,50.26,4.91,Netherlands,
237,River defense fort,50.65,5.58,Spain,
238,Antwerp,52.55,13.23,Germany,
239,Empire,50.93,6.36,Germany,
240,Roman Empire,50.36,7.61,Germany,
241,Gorgast,51.17,6.45,Germany,
242,Württemberg,51.65,6.62,Germany,
243,Westphalia,52.63,9.22,Germany,
244,Silesia,50.51,14.15,Czech,
245,Labem,47.75,18.13,Czech,
246,Bastions,60.17,24.94,Sweden,
247,Suomenlinna fortress,60.45,22.27,Sweden,
248,Petersburg,59.95,30.32,Russia,
249,York,43.07,-70.71,France,
250,Castle,12.05,-61.75,France,
251,George's,17.13,-61.87,France,
252,John's,18.34,-64.93,Netherlands,
253,Juan,18.47,-66.09,Spain,
254,Royal,13.08,-61.75,France,
255,Janeiro,-22.93,-43.12,Portugal,
256,Heritage Site,19.97,-75.87,Spain,
257,Plata,28.65,77.24,Spain,
258,Province,6.93,79.85,Netherlands,
259,Vredeburg,14.59,120.97,Netherlands,
260,Shahi,26.98,75.85,India,
261,Region,5.55,-0.18,Portugal,
262,Jesus,-4.05,39.67,Portugal,
263,Queenscliff,-38.27,144.66,Australia,
264,Lytton,-27.42,153.15,Australia,
265,Zealand,-18.13,178.43,New Zealand,
266,Division,-13.83,-171.75,France,
267,Kastellet,55.6911,12.6,Denmark,Copenhagen
268,Citadelle de Besançon,47.2333,6.0333,France,Besançon
269,Citadelle d'Arras,50.2833,2.7667,France,Arras
270,Citadelle de Blaye,45.1333,-0.6667,France,Blaye
271,Mont-Dauphin,44.6667,6.6167,France,Mont-Dauphin
272,Citadelle de Lille,50.6333,3.05,France,Lille
273,Villefranche-de-Conflent,42.5833,2.3667,France,Villefranche
274,Saint-Martin-de-Ré,46.2,-1.3667,France,Saint-Martin
275,Fort de Joux,46.8667,6.3667,France,La Cluse-et-Mijoux
276,Festung Königstein,50.92,14.0567,Germany,Königstein
277,Komárno Fortress,47.75,18.1167,Slovakia,Komárno
278,Fort Marlborough,-3.7833,102.25,Indonesia,Bengkulu
279,Fredericia Ramparts,55.5667,9.75,Denmark,Fredericia
280,Nyborg Fortress,55.3167,10.8,Denmark,Nyborg
281,Karlsborg Fortress,58.5333,14.5167,Sweden,Karlsborg
282,Trakai Castle,54.65,24.9333,Lithuania,Trakai
283,Kaunas Fortress,54.9,23.9,Lithuania,Kaunas
284,Biržai Castle,56.2,24.75,Lithuania,Biržai
