ID,Name,Country,Latitude,Longitude,cyan,magenta,yellow,black,earthResonance,activeLayer,layerFrequency,layerDepth,tectonicZone,tectonicAmplification,isDeepSubduction,pWaveVelocity,red,green,blue,spaceResonance,angleOfIncidence,ionosphericHeight,solarDeclination,solarElevation,hourAngle,lagTimeHours,solarFluxFactor,solarCyclePhase,compositeResonance,earthSpaceCoupling,timestamp,nearbyEarthquakes
1,Citadel of Alessandria,Italy,44.9203,8.6064,0.6953,0.6077,0.8009,0.5556,0.4806,upper_crust,20.8,10,MEDITERRANEAN_ALPINE,1.5,False,6.3857,0.3652,0.3893,0.3098,0.1656,90.0,84.3453,-10.511,-21.4255,109.8564,21.9965,0.1845,0.5665,0.3231,0.0796,2026-02-23T18:45:45.940444,0
2,Alba Carolina Citadel,Romania,46.075,23.5708,0.7168,0.6037,0.7991,0.5556,0.4865,upper_crust,20.8,10,MEDITERRANEAN_ALPINE,1.5,False,6.3857,0.3486,0.4039,0.3105,0.1628,90.0,84.4385,-10.511,-31.3902,124.8208,22.0478,0.1845,0.5665,0.3246,0.0792,2026-02-23T18:45:45.940444,1
3,Fort Bourtange,Netherlands,53.0067,7.1922,0.6953,0.5004,0.7592,0.4073,0.4492,upper_crust,20.8,10,,1.0,False,6.3857,0.3685,0.4886,0.2962,0.1798,90.0,84.067,-10.511,-19.4426,108.4422,22.3559,0.1845,0.5665,0.3145,0.0808,2026-02-23T18:45:45.940444,0
4,Naarden,Netherlands,52.295,5.16,0.6953,0.5035,0.7612,0.4073,0.4501,upper_crust,20.8,10,,1.0,False,6.3857,0.3704,0.4805,0.2964,0.1791,90.0,84.074,-10.511,-18.3132,106.41,22.3242,0.1845,0.5665,0.3146,0.0806,2026-02-23T18:45:45.940444,0
5,Palmanova,Italy,45.9056,13.31,0.7136,0.6037,0.7988,0.5556,0.4854,upper_crust,20.8,10,MEDITERRANEAN_ALPINE,1.5,False,6.3857,0.36,0.4015,0.3098,0.1657,90.0,84.3555,-10.511,-24.5437,114.56,22.0402,0.1845,0.5665,0.3256,0.0804,2026-02-23T18:45:45.940444,2
6,Fortress of Luxembourg,Luxembourg,49.6167,6.1333,0.6953,0.6135,0.7755,0.5556,0.4784,upper_crust,20.8,10,MEDITERRANEAN_ALPINE,1.5,False,6.3857,0.3689,0.4482,0.3012,0.1742,90.0,84.1732,-10.511,-19.2249,107.3833,22.2052,0.1845,0.5665,0.3263,0.0833,2026-02-23T18:45:45.940444,0
7,Suomenlinna,Finland,60.1472,25.0,0.6953,0.4912,0.7261,0.4073,0.4429,upper_crust,20.8,10,,1.0,False,6.3857,0.3566,0.5669,0.287,0.1887,90.0,83.9609,-10.511,-26.5909,126.25,22.6732,0.1845,0.5665,0.3158,0.0836,2026-02-23T18:45:45.940444,0
8,Kronborg Castle,Denmark,56.0389,12.6214,0.6953,0.4924,0.7467,0.4073,0.446,upper_crust,20.8,10,,1.0,False,6.3857,0.3643,0.5228,0.2929,0.1838,90.0,84.0065,-10.511,-21.9367,113.8714,22.4906,0.1845,0.5665,0.3149,0.082,2026-02-23T18:45:45.940444,0
9,Citadel Hill,Canada,44.6475,-63.5806,0.6953,0.6098,0.8063,0.4073,0.4777,upper_crust,20.8,10,,1.0,False,6.3857,0.4429,0.4204,0.3084,0.2239,67.4231,83.7518,-10.511,25.1821,37.6694,18.9741,0.1845,0.5665,0.3508,0.107,2026-02-23T18:45:45.940444,0
10,Landskrona Citadel,Sweden,55.8833,12.85,0.6953,0.492,0.7476,0.4073,0.4461,upper_crust,20.8,10,,1.0,False,6.3857,0.3641,0.521,0.2932,0.1835,90.0,84.0141,-10.511,-22.0991,114.1,22.4837,0.1845,0.5665,0.3148,0.0819,2026-02-23T18:45:45.940444,0
11,Star Fort Matara,Sri Lanka,5.9486,80.5469,0.6953,0.4912,0.9,0.4073,0.4688,upper_crust,20.8,10,,1.0,False,6.3857,0.2591,0.0067,0.3383,0.1042,90.0,85.0,-10.511,-85.1034,181.7969,20.2644,0.1845,0.5665,0.2865,0.0488,2026-02-23T18:45:45.940444,0
12,Jaffna Fort,Sri Lanka,9.6625,80.0075,0.6953,0.4912,0.8977,0.4073,0.4684,upper_crust,20.8,10,,1.0,False,6.3857,0.2534,0.022,0.3379,0.1024,90.0,85.0,-10.511,-88.4991,181.2575,20.4294,0.1845,0.5665,0.2854,0.048,2026-02-23T18:45:45.940444,0
13,Galle Fort,Sri Lanka,6.03,80.2167,0.6953,0.4912,0.8989,0.4073,0.4686,upper_crust,20.8,10,,1.0,False,6.3857,0.2588,0.0069,0.3378,0.104,90.0,85.0,-10.511,-85.2899,181.4667,20.268,0.1845,0.5665,0.2863,0.0487,2026-02-23T18:45:45.940444,0
14,Batavia Castle,Indonesia,-6.1275,106.8106,0.7221,0.6262,1.0,0.5597,0.5227,upper_crust,20.8,10,RING_OF_FIRE,1.8,True,6.3857,0.3051,0.0124,0.358,0.1204,90.0,85.0,-10.511,-57.4811,208.0606,20.2723,0.1845,0.5665,0.3216,0.0629,2026-02-23T18:45:45.940444,2
15,Fort Rotterdam,Indonesia,-5.1333,119.4056,0.7211,0.6262,1.0,0.6806,0.5264,upper_crust,20.8,10,RING_OF_FIRE,1.8,True,6.3857,0.3232,0.0063,0.356,0.1263,90.0,85.0,-10.511,-46.6018,220.6556,20.2281,0.1845,0.5665,0.3263,0.0665,2026-02-23T18:45:45.940444,2
16,Manjarabad Fort,India,12.9667,75.75,0.6953,0.4912,0.8813,0.4073,0.4658,upper_crust,20.8,10,,1.0,False,6.3857,0.2573,0.041,0.3314,0.1036,90.0,85.0,-10.511,-86.1716,177.0,20.5763,0.1845,0.5665,0.2847,0.0483,2026-02-23T18:45:45.940444,0
17,Aguada Fort,India,15.4922,73.7725,0.6953,0.4912,0.8721,0.4073,0.4644,upper_crust,20.8,10,,1.0,False,6.3857,0.2625,0.0596,0.328,0.1056,90.0,85.0,-10.511,-83.049,175.0225,20.6885,0.1845,0.5665,0.285,0.049,2026-02-23T18:45:45.940444,0
18,Star Fort Jhansi,India,25.4583,78.5792,0.6953,0.6112,0.8678,0.5973,0.4923,upper_crust,20.8,10,HIMALAYAN,1.6,False,6.3857,0.2758,0.1644,0.3304,0.1157,90.0,85.0,-10.511,-75.0518,179.8292,21.1315,0.1845,0.5665,0.304,0.057,2026-02-23T18:45:45.940444,0
19,Chaul Fort,India,18.5333,72.9167,0.6953,0.4912,0.865,0.4073,0.4633,upper_crust,20.8,10,,1.0,False,6.3857,0.2672,0.0864,0.3259,0.108,90.0,85.0,-10.511,-80.1928,174.1667,20.8237,0.1845,0.5665,0.2857,0.05,2026-02-23T18:45:45.940444,0
20,Castle of Good Hope,South Africa,-33.9258,18.4275,0.6953,0.4912,0.8595,0.4073,0.4624,upper_crust,20.8,10,,1.0,False,6.3857,0.3716,0.3374,0.3304,0.1619,90.0,84.7345,-10.511,-17.5851,119.6775,21.5078,0.1845,0.5665,0.3121,0.0749,2026-02-23T18:45:45.940444,0
21,Fort Jesus,Kenya,-4.0625,39.6797,0.6953,0.5962,0.9326,0.514,0.4965,upper_crust,20.8,10,EAST_AFRICAN_RIFT,1.4,False,6.3857,0.3201,0.0177,0.3526,0.1252,90.0,85.0,-10.511,-48.4609,140.9297,20.1806,0.1845,0.5665,0.3109,0.0622,2026-02-23T18:45:45.940444,0
22,Elmina Castle,Ghana,5.0825,-1.3481,0.6953,0.4912,0.9262,0.4073,0.473,upper_crust,20.8,10,,1.0,False,6.3857,0.3832,0.001,0.3497,0.1463,90.0,84.9784,-10.511,-10.6362,99.9019,20.2259,0.1845,0.5665,0.3096,0.0692,2026-02-23T18:45:45.940444,0
23,Fort São Sebastião,Mozambique,-15.0333,40.7333,0.7221,0.5962,0.909,0.514,0.5013,upper_crust,20.8,10,EAST_AFRICAN_RIFT,1.4,False,6.3857,0.3268,0.1023,0.3444,0.1291,90.0,85.0,-10.511,-44.4899,141.9833,20.6681,0.1845,0.5665,0.3152,0.0647,2026-02-23T18:45:45.940444,2
24,Fort São Caetano,Angola,-8.8,13.2333,0.6953,0.4912,0.961,0.4073,0.4788,upper_crust,20.8,10,,1.0,False,6.3857,0.3642,0.0492,0.366,0.1411,90.0,85.0,-10.511,-22.01,114.4833,20.3911,0.1845,0.5665,0.31,0.0676,2026-02-23T18:45:45.940444,0
25,Fort Patience,Ghana,5.2833,-0.7333,0.6953,0.4912,0.928,0.4073,0.4733,upper_crust,20.8,10,,1.0,False,6.3857,0.3821,0.0013,0.3506,0.146,90.0,84.983,-10.511,-11.2736,100.5167,20.2348,0.1845,0.5665,0.3096,0.0691,2026-02-23T18:45:45.940444,0
26,Fort Good Hope,Ghana,5.3833,-0.4833,0.6953,0.4912,0.9287,0.4073,0.4734,upper_crust,20.8,10,,1.0,False,6.3857,0.3817,0.0014,0.3509,0.1458,90.0,84.9848,-10.511,-11.5358,100.7667,20.2393,0.1845,0.5665,0.3096,0.069,2026-02-23T18:45:45.940444,0
27,Fort São Miguel,Angola,-8.8083,13.2233,0.6953,0.4912,0.9609,0.4073,0.4788,upper_crust,20.8,10,,1.0,False,6.3857,0.3642,0.0492,0.366,0.1411,90.0,85.0,-10.511,-21.9983,114.4733,20.3915,0.1845,0.5665,0.31,0.0676,2026-02-23T18:45:45.940444,0
28,Fort Metal Cross,Ghana,4.8,-1.95,0.6953,0.4912,0.9245,0.4073,0.4727,upper_crust,20.8,10,,1.0,False,6.3857,0.3842,0.0007,0.3489,0.1466,90.0,84.9742,-10.511,-9.9972,99.3,20.2133,0.1845,0.5665,0.3096,0.0693,2026-02-23T18:45:45.940444,0
29,Fort Monroe,USA,37.0036,-76.3075,0.6953,0.6233,0.8337,0.4073,0.4845,upper_crust,20.8,10,,1.0,False,6.3857,0.4626,0.3327,0.3156,0.2355,55.1425,83.8787,-10.511,37.0254,24.9425,16.9969,0.1845,0.5665,0.36,0.1141,2026-02-23T18:45:45.940444,0
30,Fort Jay,USA,40.6911,-74.0164,0.6953,0.6229,0.8191,0.4073,0.4823,upper_crust,20.8,10,,1.0,False,6.3857,0.4558,0.3784,0.3112,0.2333,59.4294,83.7937,-10.511,32.9519,27.2336,17.7324,0.1845,0.5665,0.3578,0.1125,2026-02-23T18:45:45.940444,0
31,Fort Wood,USA,40.6892,-74.0445,0.6953,0.6229,0.8191,0.4073,0.4823,upper_crust,20.8,10,,1.0,False,6.3857,0.4558,0.3784,0.3112,0.2334,59.4163,83.7935,-10.511,32.9649,27.2055,17.7306,0.1845,0.5665,0.3579,0.1126,2026-02-23T18:45:45.940444,0
32,Castillo San Felipe del Morro,Puerto Rico,18.4672,-66.1239,0.7158,0.5925,0.9265,0.285,0.4961,upper_crust,20.8,10,,1.0,False,6.3857,0.4756,0.0997,0.3492,0.233,46.2664,84.3257,-10.511,44.827,35.1261,14.9896,0.1845,0.5665,0.3645,0.1156,2026-02-23T18:45:45.940444,5
33,Citadel of Quebec,Canada,46.8072,-71.2075,0.6953,0.6229,0.7916,0.4073,0.4785,upper_crust,20.8,10,,1.0,False,6.3857,0.4454,0.4526,0.3028,0.2311,66.0219,83.629,-10.511,26.7156,30.0425,18.8832,0.1845,0.5665,0.3548,0.1106,2026-02-23T18:45:45.940444,0
34,Fort Independence,USA,42.34,-71.0117,0.6953,0.6196,0.8139,0.4073,0.4809,upper_crust,20.8,10,,1.0,False,6.3857,0.4515,0.397,0.31,0.2307,62.1437,83.7671,-10.511,30.3318,30.2383,18.1676,0.1845,0.5665,0.3558,0.1109,2026-02-23T18:45:45.940444,0
35,Fort McHenry,USA,39.2633,-76.5797,0.6953,0.6255,0.8229,0.4073,0.4834,upper_crust,20.8,10,,1.0,False,6.3857,0.4596,0.3621,0.312,0.2355,57.1078,83.816,-10.511,35.1919,24.6703,17.3594,0.1845,0.5665,0.3594,0.1138,2026-02-23T18:45:45.940444,0
36,Castillo de San Marcos,USA,29.8978,-81.3114,0.6953,0.6241,0.8565,0.4073,0.488,upper_crust,20.8,10,,1.0,False,6.3857,0.4763,0.2447,0.3219,0.2415,46.4963,84.0158,-10.511,45.2631,19.9386,15.5283,0.1845,0.5665,0.3648,0.1179,2026-02-23T18:45:45.940444,0
37,Fort Prince of Wales,Canada,58.7972,-94.2136,0.6953,0.801,0.7056,0.6806,0.5184,upper_crust,20.8,10,RING_OF_FIRE,1.8,False,6.3857,0.435,0.5979,0.2707,0.2401,73.0032,83.0625,-10.511,20.457,7.0364,20.347,0.1845,0.5665,0.3792,0.1245,2026-02-23T18:45:45.940444,0
38,Fort Denison,Australia,-33.8547,151.2258,0.6953,0.6262,0.7748,0.6806,0.4855,upper_crust,20.8,10,RING_OF_FIRE,1.8,False,6.3857,0.3871,0.2582,0.293,0.1574,90.0,85.0,-10.511,-8.2929,252.4758,21.5047,0.1845,0.5665,0.3215,0.0764,2026-02-23T18:45:45.940444,0
39,Fort Glanville,Australia,-34.8461,138.4847,0.6953,0.6262,0.7962,0.6806,0.4884,upper_crust,20.8,10,RING_OF_FIRE,1.8,False,6.3857,0.3716,0.2787,0.3035,0.1547,90.0,85.0,-10.511,-17.6053,239.7347,21.5487,0.1845,0.5665,0.3216,0.0756,2026-02-23T18:45:45.940444,0
40,Fort Jervois,New Zealand,-43.6036,172.7417,0.7157,0.6262,0.6885,0.6806,0.4812,upper_crust,20.8,10,RING_OF_FIRE,1.8,False,6.3857,0.4177,0.3755,0.2597,0.1882,82.322,85.0,-10.511,10.1004,273.9917,20.9142,0.1845,0.5665,0.3347,0.0906,2026-02-23T18:45:45.940444,2
41,Fort de Bregille,France,47.2333,6.0333,0.6953,0.6128,0.7873,0.5556,0.4798,upper_crust,20.8,10,MEDITERRANEAN_ALPINE,1.5,False,6.3857,0.3686,0.4188,0.305,0.1702,90.0,84.2502,-10.511,-19.4066,107.2833,22.0993,0.1845,0.5665,0.325,0.0817,2026-02-23T18:45:45.940444,0
42,Fort de Chaudanne,France,47.24,6.0167,0.6953,0.6128,0.7872,0.5556,0.4798,upper_crust,20.8,10,MEDITERRANEAN_ALPINE,1.5,False,6.3857,0.3686,0.4189,0.3049,0.1703,90.0,84.2498,-10.511,-19.3947,107.2667,22.0996,0.1845,0.5665,0.3251,0.0817,2026-02-23T18:45:45.940444,0
43,Fort de La Hougue,France,49.5833,-1.2667,0.6953,0.6255,0.7679,0.5556,0.48,upper_crust,20.8,10,MEDITERRANEAN_ALPINE,1.5,False,6.3857,0.3768,0.449,0.2973,0.1764,90.0,84.1098,-10.511,-14.442,99.9833,22.2037,0.1845,0.5665,0.3282,0.0847,2026-02-23T18:45:45.940444,0
44,Citadelle d'Entrevaux,France,44.0,6.8167,0.6953,0.6103,0.8039,0.5556,0.4816,upper_crust,20.8,10,MEDITERRANEAN_ALPINE,1.5,False,6.3857,0.3672,0.3777,0.3105,0.1647,90.0,84.3578,-10.511,-20.2467,108.0667,21.9556,0.1845,0.5665,0.3231,0.0793,2026-02-23T18:45:45.940444,0
45,Fort de Sainte-Adresse,France,49.5,0.0833,0.6953,0.6233,0.77,0.5556,0.4798,upper_crust,20.8,10,MEDITERRANEAN_ALPINE,1.5,False,6.3857,0.3754,0.4477,0.2982,0.1759,90.0,84.1243,-10.511,-15.3195,101.3333,22.2,0.1845,0.5665,0.3278,0.0844,2026-02-23T18:45:45.940444,0
46,Fort de Tourneville,France,49.5,0.1167,0.6953,0.6233,0.77,0.5556,0.4798,upper_crust,20.8,10,MEDITERRANEAN_ALPINE,1.5,False,6.3857,0.3753,0.4477,0.2982,0.1759,90.0,84.1246,-10.511,-15.3412,101.3667,22.2,0.1845,0.5665,0.3278,0.0844,2026-02-23T18:45:45.940444,0
47,Fort de la Pree,France,46.2,-1.3667,0.6953,0.6244,0.7841,0.5556,0.4819,upper_crust,20.8,10,MEDITERRANEAN_ALPINE,1.5,False,6.3857,0.3769,0.4071,0.3024,0.171,90.0,84.2184,-10.511,-14.3872,99.8833,22.0533,0.1845,0.5665,0.3265,0.0824,2026-02-23T18:45:45.940444,0
48,Fort des Salettes,France,44.8833,6.65,0.6953,0.6109,0.7994,0.5556,0.4811,upper_crust,20.8,10,MEDITERRANEAN_ALPINE,1.5,False,6.3857,0.3675,0.389,0.309,0.1662,90.0,84.3294,-10.511,-20.0507,107.9,21.9948,0.1845,0.5665,0.3236,0.08,2026-02-23T18:45:45.940444,0
49,The Fortifications of Toulon,France,43.1167,5.9333,0.6953,0.6113,0.8074,0.5556,0.4823,upper_crust,20.8,10,MEDITERRANEAN_ALPINE,1.5,False,6.3857,0.3681,0.3664,0.3114,0.1636,90.0,84.3767,-10.511,-19.6771,107.1833,21.9163,0.1845,0.5665,0.323,0.0789,2026-02-23T18:45:45.940444,0
50,Fort Vallières,France,51.0333,2.3833,0.6953,0.5076,0.7649,0.4073,0.4514,upper_crust,20.8,10,,1.0,False,6.3857,0.373,0.4659,0.2971,0.1778,90.0,84.093,-10.511,-16.713,103.6333,22.2681,0.1845,0.5665,0.3146,0.0803,2026-02-23T18:45:45.940444,0
51,Citadelle Vauban,France,47.35,-3.15,0.6953,0.6277,0.7762,0.5556,0.4816,upper_crust,20.8,10,MEDITERRANEAN_ALPINE,1.5,False,6.3857,0.3789,0.4219,0.2994,0.1734,90.0,84.1663,-10.511,-13.1814,98.1,22.1044,0.1845,0.5665,0.3275,0.0835,2026-02-23T18:45:45.940444,0
52,Kastellet,Denmark,55.6911,12.5953,0.6953,0.4924,0.7485,0.4073,0.4463,upper_crust,20.8,10,,1.0,False,6.3857,0.3642,0.5189,0.2935,0.1832,90.0,84.0188,-10.511,-22.0075,113.8453,22.4752,0.1845,0.5665,0.3147,0.0818,2026-02-23T18:45:45.940444,0
53,Fredericia Ramparts,Denmark,55.5667,9.75,0.6953,0.497,0.7478,0.4073,0.447,upper_crust,20.8,10,,1.0,False,6.3857,0.3668,0.5177,0.2929,0.1836,90.0,83.9986,-10.511,-20.4689,111.0,22.4696,0.1845,0.5665,0.3153,0.0821,2026-02-23T18:45:45.940444,0
54,Nyborg Fortress,Denmark,55.3167,10.7833,0.6953,0.4952,0.7496,0.4073,0.4469,upper_crust,20.8,10,,1.0,False,6.3857,0.3657,0.5148,0.2936,0.1829,90.0,84.0166,-10.511,-21.094,112.0333,22.4585,0.1845,0.5665,0.3149,0.0817,2026-02-23T18:45:45.940444,0
55,Fredrikstad Fortress,Norway,59.2167,10.95,0.6953,0.496,0.7295,0.4073,0.4443,upper_crust,20.8,10,,1.0,False,6.3857,0.3671,0.5571,0.2872,0.1897,90.0,83.8749,-10.511,-20.295,112.2,22.6319,0.1845,0.5665,0.317,0.0843,2026-02-23T18:45:45.940444,0
56,Fredriksvern,Norway,59.0,10.0333,0.6953,0.4975,0.7302,0.4073,0.4447,upper_crust,20.8,10,,1.0,False,6.3857,0.3678,0.5548,0.2873,0.1895,90.0,83.875,-10.511,-19.8878,111.2833,22.6222,0.1845,0.5665,0.3171,0.0843,2026-02-23T18:45:45.940444,0
57,Kongsvinger Fortress,Norway,60.2,12.0,0.6953,0.4946,0.7248,0.4073,0.4434,upper_crust,20.8,10,,1.0,False,6.3857,0.3666,0.5671,0.2858,0.1912,90.0,83.847,-10.511,-20.5599,113.25,22.6756,0.1845,0.5665,0.3173,0.0848,2026-02-23T18:45:45.940444,0
58,Kristiansten Fortress,Norway,63.4333,10.4167,0.6953,0.4979,0.7073,0.4073,0.4417,upper_crust,20.8,10,,1.0,False,6.3857,0.3692,0.5989,0.2801,0.1969,90.0,83.7089,-10.511,-18.9968,111.6667,22.8193,0.1845,0.5665,0.3193,0.087,2026-02-23T18:45:45.940444,0
59,Vardøhus Fortress,Norway,70.3667,31.0833,0.6953,0.4912,0.6706,0.4073,0.4356,upper_crust,20.8,10,,1.0,False,6.3857,0.3622,0.79,0.2692,0.229,90.0,83.6079,-10.511,-23.2222,132.3333,23.1274,0.1845,0.5665,0.3323,0.0998,2026-02-23T18:45:45.940444,0
60,Daugavgr?va Fortress,Latvia,57.05,24.0333,0.6953,0.4912,0.7425,0.4073,0.4452,upper_crust,20.8,10,,1.0,False,6.3857,0.355,0.5342,0.2923,0.1832,90.0,84.068,-10.511,-27.5149,125.2833,22.5356,0.1845,0.5665,0.3142,0.0816,2026-02-23T18:45:45.940444,0
61,Daugavpils Fortress,Latvia,55.8833,26.5,0.6953,0.4912,0.7478,0.4073,0.4459,upper_crust,20.8,10,,1.0,False,6.3857,0.3521,0.5216,0.294,0.1805,90.0,84.1314,-10.511,-29.2517,127.75,22.4837,0.1845,0.5665,0.3132,0.0805,2026-02-23T18:45:45.940444,0
62,Riga Old Town,Latvia,56.95,24.1167,0.6953,0.4912,0.743,0.4073,0.4453,upper_crust,20.8,10,,1.0,False,6.3857,0.3549,0.5331,0.2924,0.183,90.0,84.0723,-10.511,-27.5986,125.3667,22.5311,0.1845,0.5665,0.3141,0.0815,2026-02-23T18:45:45.940444,0
63,Pärnu Vallikäär,Estonia,58.3833,24.5,0.6953,0.4912,0.7354,0.4073,0.4442,upper_crust,20.8,10,,1.0,False,6.3857,0.3556,0.5485,0.29,0.1856,90.0,84.0228,-10.511,-27.161,125.75,22.5948,0.1845,0.5665,0.3149,0.0824,2026-02-23T18:45:45.940444,0
64,Tartu Tähetorn,Estonia,58.3667,26.7167,0.6953,0.4912,0.7349,0.4073,0.4441,upper_crust,20.8,10,,1.0,False,6.3857,0.3539,0.5486,0.2898,0.1851,90.0,84.0422,-10.511,-28.2011,127.9667,22.5941,0.1845,0.5665,0.3146,0.0822,2026-02-23T18:45:45.940444,0
65,Paldiski Muula mäed,Estonia,59.35,24.0667,0.6953,0.4912,0.7305,0.4073,0.4435,upper_crust,20.8,10,,1.0,False,6.3857,0.3567,0.5586,0.2884,0.1874,90.0,83.983,-10.511,-26.5323,125.3167,22.6378,0.1845,0.5665,0.3155,0.0831,2026-02-23T18:45:45.940444,0
66,Birai Castle,Lithuania,56.2,24.75,0.6953,0.4912,0.7467,0.4073,0.4458,upper_crust,20.8,10,,1.0,False,6.3857,0.3538,0.5249,0.2936,0.1814,90.0,84.105,-10.511,-28.2349,126.0,22.4978,0.1845,0.5665,0.3136,0.0809,2026-02-23T18:45:45.940444,0
67,Klaip?da Castle,Lithuania,55.7,21.1333,0.6953,0.4912,0.7499,0.4073,0.4462,upper_crust,20.8,10,,1.0,False,6.3857,0.3566,0.5191,0.2946,0.1813,90.0,84.0922,-10.511,-26.5802,122.3833,22.4756,0.1845,0.5665,0.3137,0.0809,2026-02-23T18:45:45.940444,0
68,Trakai Island Castle,Lithuania,54.65,24.9333,0.6953,0.4912,0.7547,0.4073,0.4469,upper_crust,20.8,10,,1.0,False,6.3857,0.3526,0.5075,0.2962,0.1785,90.0,84.1623,-10.511,-28.9882,126.1833,22.4289,0.1845,0.5665,0.3127,0.0798,2026-02-23T18:45:45.940444,0
69,Kaunas Castle and Fortress,Lithuania,54.9,23.9,0.6953,0.4912,0.7537,0.4073,0.4468,upper_crust,20.8,10,,1.0,False,6.3857,0.3537,0.5103,0.2959,0.1792,90.0,84.1446,-10.511,-28.3422,125.15,22.44,0.1845,0.5665,0.313,0.0801,2026-02-23T18:45:45.940444,0
70,Petersberg Citadel,Germany,50.9833,11.0333,0.6953,0.4935,0.772,0.4073,0.4498,upper_crust,20.8,10,,1.0,False,6.3857,0.364,0.4643,0.3008,0.1752,90.0,84.17,-10.511,-22.1137,112.2833,22.2659,0.1845,0.5665,0.3125,0.0788,2026-02-23T18:45:45.940444,0
71,Mainz Citadel,Germany,50.0,8.2667,0.6953,0.6102,0.7752,0.5556,0.4776,upper_crust,20.8,10,MEDITERRANEAN_ALPINE,1.5,False,6.3857,0.3667,0.4527,0.3015,0.1743,90.0,84.179,-10.511,-20.5415,109.5167,22.2222,0.1845,0.5665,0.326,0.0832,2026-02-23T18:45:45.940444,0
72,(City fortifications),Germany,53.55,10.0,0.6953,0.496,0.7583,0.4073,0.4483,upper_crust,20.8,10,,1.0,False,6.3857,0.3659,0.4947,0.2963,0.18,90.0,84.0725,-10.511,-21.0054,111.25,22.38,0.1845,0.5665,0.3141,0.0807,2026-02-23T18:45:45.940444,0
73,Forbidden City,China,39.9167,116.3972,0.6953,0.6262,0.8602,0.6806,0.4973,upper_crust,20.8,10,RING_OF_FIRE,1.8,False,6.3857,0.3249,0.3767,0.337,0.1536,90.0,85.0,-10.511,-45.5735,217.6472,21.7741,0.1845,0.5665,0.3255,0.0764,2026-02-23T18:45:45.940444,0
74,Fort Orange,Brazil,-7.75,-34.8333,0.6953,0.6222,0.9107,0.4723,0.4973,upper_crust,20.8,10,MID_ATLANTIC_RIDGE,1.3,False,6.3857,0.4417,0.0327,0.3413,0.1953,65.9828,84.6778,-10.511,24.48,66.4167,17.1421,0.1845,0.5665,0.3463,0.0971,2026-02-23T18:45:45.940444,0
75,Forte de São João Batista do Brum,Brazil,-8.05,-34.8833,0.6953,0.6219,0.9105,0.4723,0.4972,upper_crust,20.8,10,MID_ATLANTIC_RIDGE,1.3,False,6.3857,0.4419,0.0347,0.3413,0.1955,65.9089,84.6756,-10.511,24.5708,66.3667,17.1456,0.1845,0.5665,0.3463,0.0972,2026-02-23T18:45:45.940444,0
76,Forte do Presépio,Brazil,-1.45,-48.5,0.6953,0.5492,0.9613,0.4073,0.4892,upper_crust,20.8,10,,1.0,False,6.3857,0.4623,0.003,0.3625,0.2187,53.2831,84.5885,-10.511,36.8386,52.75,15.1689,0.1845,0.5665,0.3539,0.107,2026-02-23T18:45:45.940444,0
77,Forte Príncipe da Beira,Brazil,-12.4167,-64.4167,0.6953,0.5572,0.952,0.4073,0.4892,upper_crust,20.8,10,,1.0,False,6.3857,0.4907,0.0545,0.359,0.2475,36.8703,84.4085,-10.511,53.8787,36.8333,13.4679,0.1845,0.5665,0.3684,0.1211,2026-02-23T18:45:45.940444,0
78,Fortaleza de Nossa Senhora da Assunção,Brazil,-3.7167,-38.5,0.6953,0.6311,0.9269,0.4723,0.5016,upper_crust,20.8,10,MID_ATLANTIC_RIDGE,1.3,False,6.3857,0.4467,0.0111,0.3479,0.2011,62.7839,84.6651,-10.511,27.4561,62.75,16.5364,0.1845,0.5665,0.3514,0.1009,2026-02-23T18:45:45.940444,0
79,Forte de Nossa Senhora dos Remédios,Brazil,-3.8333,-32.4167,0.6953,0.6226,0.9068,0.4723,0.4968,upper_crust,20.8,10,MID_ATLANTIC_RIDGE,1.3,False,6.3857,0.4367,0.0128,0.3393,0.1899,68.7461,84.7153,-10.511,21.4953,68.8333,17.3365,0.1845,0.5665,0.3434,0.0943,2026-02-23T18:45:45.940444,0
80,Forte de Santo Inácio de Tamandaré,Brazil,-8.75,-35.1,0.6953,0.6215,0.9101,0.4723,0.497,upper_crust,20.8,10,MID_ATLANTIC_RIDGE,1.3,False,6.3857,0.4424,0.0393,0.3412,0.1961,65.6415,84.6694,-10.511,24.8777,66.15,17.1411,0.1845,0.5665,0.3466,0.0975,2026-02-23T18:45:45.940444,0
81,Forte do Barbalho,Brazil,-12.9667,-38.5167,0.6953,0.6218,0.9121,0.4723,0.4974,upper_crust,20.8,10,MID_ATLANTIC_RIDGE,1.3,False,6.3857,0.4487,0.0714,0.3427,0.2035,62.0813,84.6064,-10.511,28.6784,62.7333,16.8538,0.1845,0.5665,0.3504,0.1012,2026-02-23T18:45:45.940444,0
82,Forte de São Lourenço,Brazil,-12.8833,-38.6833,0.6953,0.6221,0.9128,0.4723,0.4976,upper_crust,20.8,10,MID_ATLANTIC_RIDGE,1.3,False,6.3857,0.449,0.0706,0.343,0.2037,61.9223,84.6059,-10.511,28.8328,62.5667,16.8289,0.1845,0.5665,0.3507,0.1014,2026-02-23T18:45:45.940444,0
83,Fortaleza de Santa Cruz da Barra,Brazil,-22.8833,-43.1167,0.6953,0.5194,0.8923,0.4073,0.4726,upper_crust,20.8,10,,1.0,False,6.3857,0.4564,0.1744,0.3367,0.2158,58.0176,84.4358,-10.511,33.3101,58.1333,16.7527,0.1845,0.5665,0.3442,0.102,2026-02-23T18:45:45.940444,0
84,Fortaleza de Santo Antônio de Ratones,Brazil,-27.5833,-48.5667,0.6953,0.5207,0.882,0.4073,0.4712,upper_crust,20.8,10,,1.0,False,6.3857,0.4639,0.2289,0.3338,0.2276,53.8119,84.3046,-10.511,37.79,52.6833,16.4008,0.1845,0.5665,0.3494,0.1072,2026-02-23T18:45:45.940444,0
85,Fortaleza de São José da Ponta Grossa,Brazil,-27.5833,-48.5167,0.6953,0.5206,0.8819,0.4073,0.4712,upper_crust,20.8,10,,1.0,False,6.3857,0.4638,0.2289,0.3337,0.2275,53.8557,84.305,-10.511,37.7462,52.7333,16.4067,0.1845,0.5665,0.3493,0.1072,2026-02-23T18:45:45.940444,0
86,Bihu Loukon,India,24.8167,93.95,0.7232,0.6262,0.9117,0.5673,0.5097,upper_crust,20.8,10,RING_OF_FIRE,1.8,False,6.3857,0.2848,0.1672,0.35,0.1198,90.0,85.0,-10.511,-69.6805,195.2,21.103,0.1845,0.5665,0.3148,0.0611,2026-02-23T18:45:45.940444,7
87,Fort St. George,India,13.0833,80.2833,0.6953,0.4912,0.8962,0.4073,0.4682,upper_crust,20.8,10,,1.0,False,6.3857,0.2559,0.0436,0.3381,0.1036,90.0,85.0,-10.511,-87.0219,181.5333,20.5815,0.1845,0.5665,0.2859,0.0485,2026-02-23T18:45:45.940444,0
88,Fort William,India,22.5667,88.35,0.6953,0.4912,0.9039,0.4073,0.4694,upper_crust,20.8,10,,1.0,False,6.3857,0.2762,0.1374,0.3453,0.1147,90.0,85.0,-10.511,-74.8468,189.6,21.003,0.1845,0.5665,0.292,0.0538,2026-02-23T18:45:45.940444,0
89,St. Angelo Fort,India,11.8667,75.3667,0.6953,0.4912,0.881,0.4073,0.4658,upper_crust,20.8,10,,1.0,False,6.3857,0.2569,0.0335,0.3309,0.1033,90.0,85.0,-10.511,-86.4149,176.6167,20.5274,0.1845,0.5665,0.2845,0.0481,2026-02-23T18:45:45.940444,0
90,Fortaleza de São João Baptista,Portugal,38.6667,-27.2167,0.7296,0.6471,0.798,0.3562,0.4947,upper_crust,20.8,10,MID_ATLANTIC_RIDGE,1.3,False,6.3857,0.4102,0.3199,0.3026,0.1752,86.6486,84.2167,-10.511,5.5779,74.0333,21.2717,0.1845,0.5665,0.3349,0.0867,2026-02-23T18:45:45.940444,1
91,Forte de Santo António da Barra,Portugal,38.7,-9.4167,0.7061,0.634,0.8047,0.5556,0.4902,upper_crust,20.8,10,MEDITERRANEAN_ALPINE,1.5,False,6.3857,0.3876,0.3126,0.3066,0.1633,90.0,84.369,-10.511,-7.9673,91.8333,21.72,0.1845,0.5665,0.3267,0.08,2026-02-23T18:45:45.940444,1
92,Forte de Santa Luzia,Portugal,38.8833,-7.1667,0.7082,0.6305,0.8081,0.5556,0.4906,upper_crust,20.8,10,MEDITERRANEAN_ALPINE,1.5,False,6.3857,0.3847,0.3143,0.3084,0.1626,90.0,84.3836,-10.511,-9.7304,94.0833,21.7281,0.1845,0.5665,0.3266,0.0798,2026-02-23T18:45:45.940444,2
93,Forte de São Bruno,Portugal,38.6667,-9.3167,0.7061,0.6338,0.805,0.5556,0.4902,upper_crust,20.8,10,MEDITERRANEAN_ALPINE,1.5,False,6.3857,0.3875,0.3122,0.3067,0.1632,90.0,84.3708,-10.511,-8.0406,91.9333,21.7185,0.1845,0.5665,0.3267,0.08,2026-02-23T18:45:45.940444,1
94,Fort São Roque,Portugal,32.65,-16.9167,0.6953,0.6276,0.8118,0.4723,0.4839,upper_crust,20.8,10,MID_ATLANTIC_RIDGE,1.3,False,6.3857,0.3993,0.2371,0.3061,0.16,90.0,84.4579,-10.511,-0.9555,84.3333,21.4511,0.1845,0.5665,0.322,0.0774,2026-02-23T18:45:45.940444,0
95,Fort Victoria,Indonesia,-3.7,128.1833,0.7187,0.6262,1.0,0.5591,0.5217,upper_crust,20.8,10,RING_OF_FIRE,1.8,True,6.3857,0.3363,0.0019,0.3486,0.1303,90.0,85.0,-10.511,-38.7788,229.4333,20.1644,0.1845,0.5665,0.326,0.068,2026-02-23T18:45:45.940444,17
96,Fort Nassau,Indonesia,-4.5167,129.8833,0.7197,0.6262,1.0,0.5591,0.522,upper_crust,20.8,10,RING_OF_FIRE,1.8,True,6.3857,0.3394,0.0032,0.3459,0.1312,90.0,85.0,-10.511,-36.92,231.1333,20.2007,0.1845,0.5665,0.3266,0.0685,2026-02-23T18:45:45.940444,25
97,Fort Oranje,Indonesia,-0.7833,127.3833,0.7192,0.6262,1.0,0.5652,0.522,upper_crust,20.8,10,RING_OF_FIRE,1.8,True,6.3857,0.3337,0.0001,0.3521,0.1296,90.0,85.0,-10.511,-40.3332,228.6333,20.0348,0.1845,0.5665,0.3258,0.0677,2026-02-23T18:45:45.940444,9
98,Fort Marlborough,Indonesia,-3.7833,-102.25,0.7275,0.7439,0.8583,0.5707,0.5294,upper_crust,20.8,10,RING_OF_FIRE,1.8,False,6.3857,0.5396,0.0015,0.3148,0.2845,7.0889,84.216,-10.511,83.1996,-1.0,9.1133,0.1845,0.5665,0.4069,0.1506,2026-02-23T18:45:45.940444,1
99,Fort Vastenburg,Indonesia,-7.5667,110.8167,0.7361,0.6262,1.0,0.5597,0.527,upper_crust,20.8,10,RING_OF_FIRE,1.8,True,6.3857,0.312,0.0177,0.3563,0.1227,90.0,85.0,-10.511,-53.3152,212.0667,20.3363,0.1845,0.5665,0.3249,0.0647,2026-02-23T18:45:45.940444,2
100,Fort Cornwallis,Malaysia,5.4167,100.3333,0.6953,0.6262,0.9636,0.6806,0.5129,upper_crust,20.8,10,RING_OF_FIRE,1.8,False,6.3857,0.2875,0.0087,0.3666,0.1151,90.0,85.0,-10.511,-68.0359,201.5833,20.2407,0.1845,0.5665,0.314,0.059,2026-02-23T18:45:45.940444,0
101,Gory?kaku,Japan,41.8,140.75,0.7175,0.6262,0.9633,0.5577,0.5155,upper_crust,20.8,10,RING_OF_FIRE,1.8,True,6.3857,0.3546,0.4181,0.3167,0.1666,90.0,85.0,-10.511,-27.7554,242.0,21.8578,0.1845,0.5665,0.341,0.0859,2026-02-23T18:45:45.940444,18
102,Hekirichi Bastion Fort,Japan,41.8167,140.65,0.7175,0.6262,0.9635,0.5577,0.5155,upper_crust,20.8,10,RING_OF_FIRE,1.8,True,6.3857,0.3545,0.4183,0.3168,0.1666,90.0,85.0,-10.511,-27.8253,241.9,21.8585,0.1845,0.5665,0.341,0.0859,2026-02-23T18:45:45.940444,18
103,Tatsuoka Castle,Japan,36.2,138.4833,0.7181,0.6262,0.8406,0.5693,0.4978,upper_crust,20.8,10,RING_OF_FIRE,1.8,False,6.3857,0.3501,0.3452,0.3249,0.1562,90.0,85.0,-10.511,-30.5071,239.7333,21.6089,0.1845,0.5665,0.327,0.0778,2026-02-23T18:45:45.940444,15
104,Temple Mount,Israel,31.7778,35.2356,0.6953,0.6037,0.8586,0.5556,0.4881,upper_crust,20.8,10,MEDITERRANEAN_ALPINE,1.5,False,6.3857,0.3266,0.2216,0.3297,0.1363,90.0,84.9279,-10.511,-44.6051,136.4856,21.4123,0.1845,0.5665,0.3122,0.0665,2026-02-23T18:45:45.940444,0
105,Forte de Barém,Bahrain,26.2333,50.5333,0.7178,0.4912,0.8497,0.2974,0.4662,upper_crust,20.8,10,,1.0,False,6.3857,0.3025,0.1588,0.3226,0.1233,90.0,85.0,-10.511,-59.0683,151.7833,21.1659,0.1845,0.5665,0.2948,0.0575,2026-02-23T18:45:45.940444,10
106,Fort Nossa Senhora da Vitória,Angola,-10.7333,13.75,0.6953,0.4912,0.9556,0.4073,0.4779,upper_crust,20.8,10,,1.0,False,6.3857,0.3643,0.0649,0.364,0.1413,90.0,85.0,-10.511,-21.98,115.0,20.477,0.1845,0.5665,0.3096,0.0675,2026-02-23T18:45:45.940444,0
107,Fortress of Muxima,Angola,-9.5,13.9167,0.6953,0.4912,0.96,0.4073,0.4786,upper_crust,20.8,10,,1.0,False,6.3857,0.3634,0.0547,0.3657,0.1409,90.0,85.0,-10.511,-22.4747,115.1667,20.4222,0.1845,0.5665,0.3098,0.0674,2026-02-23T18:45:45.940444,0
108,Fortress of Kambambe,Angola,-9.75,14.4833,0.6953,0.4912,0.9602,0.4073,0.4786,upper_crust,20.8,10,,1.0,False,6.3857,0.3627,0.0567,0.3658,0.1407,90.0,85.0,-10.511,-22.9444,115.7333,20.4333,0.1845,0.5665,0.3096,0.0673,2026-02-23T18:45:45.940444,0
109,Fort São Filipe,Angola,-12.5833,13.4,0.6953,0.4912,0.9485,0.4073,0.4767,upper_crust,20.8,10,,1.0,False,6.3857,0.3657,0.0815,0.3614,0.1421,90.0,85.0,-10.511,-21.1299,114.65,20.5593,0.1845,0.5665,0.3094,0.0677,2026-02-23T18:45:45.940444,0
110,Fort São Francisco do Penedo,Angola,-15.2,12.15,0.6953,0.4912,0.937,0.4073,0.4748,upper_crust,20.8,10,,1.0,False,6.3857,0.3689,0.1073,0.3571,0.1439,90.0,85.0,-10.511,-19.2077,113.4,20.6756,0.1845,0.5665,0.3094,0.0683,2026-02-23T18:45:45.940444,0
111,Quicombo Fort,Angola,-12.3667,13.7833,0.6953,0.4912,0.9499,0.4073,0.4769,upper_crust,20.8,10,,1.0,False,6.3857,0.365,0.0795,0.3619,0.1419,90.0,85.0,-10.511,-21.5505,115.0333,20.5496,0.1845,0.5665,0.3094,0.0677,2026-02-23T18:45:45.940444,0
112,Fort São José,Angola,-6.2667,14.25,0.6953,0.4912,0.9706,0.4073,0.4804,upper_crust,20.8,10,,1.0,False,6.3857,0.3615,0.0316,0.3698,0.14,90.0,85.0,-10.511,-23.631,115.5,20.2785,0.1845,0.5665,0.3102,0.0673,2026-02-23T18:45:45.940444,0
113,Fort James,Antigua and Barbuda,17.1167,-61.8333,0.7097,0.5853,0.9351,0.4073,0.4965,upper_crust,20.8,10,,1.0,False,6.3857,0.4713,0.084,0.3528,0.2282,48.7724,84.3755,-10.511,42.241,39.4167,15.2637,0.1845,0.5665,0.3624,0.1133,2026-02-23T18:45:45.940444,3
114,Cacheu Fort,Guinea-Bissau,12.2667,-16.1667,0.6953,0.6129,0.8691,0.4723,0.4891,upper_crust,20.8,10,MID_ATLANTIC_RIDGE,1.3,False,6.3857,0.4051,0.0287,0.3245,0.155,88.2031,84.8023,-10.511,2.4981,85.0833,20.3056,0.1845,0.5665,0.3221,0.0758,2026-02-23T18:45:45.940444,0
115,São José,Guinea-Bissau,11.8667,-15.5833,0.6953,0.6118,0.8716,0.4723,0.4892,upper_crust,20.8,10,MID_ATLANTIC_RIDGE,1.3,False,6.3857,0.4043,0.0262,0.3256,0.1542,88.6615,84.811,-10.511,2.0166,85.6667,20.3489,0.1845,0.5665,0.3217,0.0754,2026-02-23T18:45:45.940444,0
116,Borj Nord,Morocco,34.0667,-4.9833,0.7082,0.6246,0.8325,0.5556,0.4927,upper_crust,20.8,10,MEDITERRANEAN_ALPINE,1.5,False,6.3857,0.3825,0.2512,0.3169,0.1561,90.0,84.5275,-10.511,-11.0166,96.2667,21.5141,0.1845,0.5665,0.3244,0.0769,2026-02-23T18:45:45.940444,2
117,El Jadida,Morocco,33.2333,-8.5,0.7061,0.6297,0.8288,0.5556,0.4926,upper_crust,20.8,10,MEDITERRANEAN_ALPINE,1.5,False,6.3857,0.3875,0.2415,0.3146,0.1568,90.0,84.517,-10.511,-8.0152,92.75,21.477,0.1845,0.5665,0.3247,0.0772,2026-02-23T18:45:45.940444,1
118,Nossa Senhora da Conceição,Mozambique,-23.8667,35.3833,0.6953,0.5962,0.8914,0.514,0.4901,upper_crust,20.8,10,EAST_AFRICAN_RIFT,1.4,False,6.3857,0.3418,0.2052,0.3403,0.1402,90.0,85.0,-10.511,-35.4396,136.6333,21.0607,0.1845,0.5665,0.3151,0.0687,2026-02-23T18:45:45.940444,0
119,Nossa Senhora da Conceição de Lourenço Marques,Mozambique,-25.9667,32.5833,0.6953,0.5962,0.8873,0.514,0.4895,upper_crust,20.8,10,EAST_AFRICAN_RIFT,1.4,False,6.3857,0.3473,0.2323,0.3396,0.1442,90.0,85.0,-10.511,-32.1627,133.8333,21.1541,0.1845,0.5665,0.3168,0.0706,2026-02-23T18:45:45.940444,0
120,Santo António,Mozambique,-12.3333,40.5833,0.6953,0.5962,0.9162,0.514,0.4939,upper_crust,20.8,10,EAST_AFRICAN_RIFT,1.4,False,6.3857,0.3247,0.0762,0.3468,0.1276,90.0,85.0,-10.511,-45.7431,141.8333,20.5481,0.1845,0.5665,0.3107,0.063,2026-02-23T18:45:45.940444,0
121,São Caetano,Mozambique,-20.15,34.7333,0.6953,0.5962,0.9067,0.514,0.4925,upper_crust,20.8,10,EAST_AFRICAN_RIFT,1.4,False,6.3857,0.3393,0.1603,0.3454,0.1364,90.0,85.0,-10.511,-36.9381,135.9833,20.8956,0.1845,0.5665,0.3145,0.0672,2026-02-23T18:45:45.940444,0
122,São Marçal,Mozambique,-25.9667,32.4667,0.6953,0.5962,0.8875,0.514,0.4896,upper_crust,20.8,10,EAST_AFRICAN_RIFT,1.4,False,6.3857,0.3474,0.2324,0.3397,0.1442,90.0,85.0,-10.511,-32.0748,133.7167,21.1541,0.1845,0.5665,0.3169,0.0706,2026-02-23T18:45:45.940444,0
123,São Tiago Maior,Mozambique,-23.8667,35.35,0.6953,0.5962,0.8914,0.514,0.4901,upper_crust,20.8,10,EAST_AFRICAN_RIFT,1.4,False,6.3857,0.3419,0.2052,0.3403,0.1402,90.0,85.0,-10.511,-35.4143,136.6,21.0607,0.1845,0.5665,0.3151,0.0687,2026-02-23T18:45:45.940444,0
124,São João Baptista de Ajudá,Benin,6.3667,-2.0833,0.6953,0.4912,0.9224,0.4073,0.4724,upper_crust,20.8,10,,1.0,False,6.3857,0.384,0.0031,0.3481,0.1465,90.0,84.9664,-10.511,-10.1309,99.1667,20.283,0.1845,0.5665,0.3095,0.0692,2026-02-23T18:45:45.940444,0
125,Fort Anne,Canada,44.7417,-65.5183,0.6953,0.6129,0.8052,0.4073,0.4782,upper_crust,20.8,10,,1.0,False,6.3857,0.4442,0.423,0.3079,0.2258,66.6041,83.7346,-10.511,26.0081,35.7317,18.8691,0.1845,0.5665,0.352,0.108,2026-02-23T18:45:45.940444,0
126,Fort Beauséjour,Canada,45.8667,-64.2833,0.6953,0.6117,0.7999,0.4073,0.4772,upper_crust,20.8,10,,1.0,False,6.3857,0.4419,0.436,0.3063,0.2248,68.0892,83.7088,-10.511,24.5881,36.9667,19.1171,0.1845,0.5665,0.351,0.1073,2026-02-23T18:45:45.940444,0
127,Fort George,Canada,43.25,-79.0667,0.6953,0.6323,0.801,0.4073,0.4818,upper_crust,20.8,10,,1.0,False,6.3857,0.4552,0.4147,0.3044,0.2371,59.9768,83.6844,-10.511,32.5575,22.1833,17.9191,0.1845,0.5665,0.3594,0.1142,2026-02-23T18:45:45.940444,0
128,Fort Mississauga,Canada,43.2667,-79.0833,0.6953,0.6323,0.8009,0.4073,0.4818,upper_crust,20.8,10,,1.0,False,6.3857,0.4551,0.4149,0.3044,0.2371,59.9875,83.6838,-10.511,32.5479,22.1667,17.9213,0.1845,0.5665,0.3594,0.1142,2026-02-23T18:45:45.940444,0
129,Fort Plaisance,Canada,47.25,-53.9667,0.6953,0.5964,0.7923,0.4073,0.4729,upper_crust,20.8,10,,1.0,False,6.3857,0.4319,0.4456,0.3042,0.2144,74.1606,83.7433,-10.511,18.5901,47.2833,19.9881,0.1845,0.5665,0.3437,0.1014,2026-02-23T18:45:45.940444,0
130,Fort William,Canada,47.5667,-52.7,0.6953,0.5946,0.7902,0.4073,0.4722,upper_crust,20.8,10,,1.0,False,6.3857,0.4304,0.4486,0.3035,0.2132,75.0394,83.743,-10.511,17.7289,48.55,20.1193,0.1845,0.5665,0.3427,0.1007,2026-02-23T18:45:45.940444,0
131,Castillo San Salvador de la Punta,Cuba,23.1333,-82.35,0.6953,0.6189,0.8798,0.4073,0.4903,upper_crust,20.8,10,,1.0,False,6.3857,0.4869,0.1619,0.3293,0.2465,39.7663,84.1406,-10.511,51.6048,18.9,14.3303,0.1845,0.5665,0.3684,0.1209,2026-02-23T18:45:45.940444,0
132,Castillo de los Tres Reyes Magos del Morro,Cuba,23.15,-82.35,0.6953,0.6189,0.8798,0.4073,0.4903,upper_crust,20.8,10,,1.0,False,6.3857,0.4869,0.1621,0.3293,0.2465,39.7816,84.1403,-10.511,51.5905,18.9,14.3331,0.1845,0.5665,0.3684,0.1209,2026-02-23T18:45:45.940444,0
133,Castillo del Príncipe,Cuba,23.1167,-82.4167,0.6953,0.619,0.8797,0.4073,0.4903,upper_crust,20.8,10,,1.0,False,6.3857,0.487,0.1617,0.3293,0.2465,39.7197,84.1405,-10.511,51.6505,18.8333,14.3234,0.1845,0.5665,0.3684,0.1209,2026-02-23T18:45:45.940444,0
134,Castillo de San Severino,Cuba,23.05,-81.5667,0.6953,0.6178,0.8819,0.4073,0.4904,upper_crust,20.8,10,,1.0,False,6.3857,0.4864,0.1603,0.3302,0.2459,40.0655,84.1472,-10.511,51.3003,19.6833,14.3665,0.1845,0.5665,0.3681,0.1206,2026-02-23T18:45:45.940444,0
135,Fort San Cristóbal,Puerto Rico,18.4667,-66.1167,0.7158,0.5925,0.9265,0.285,0.4961,upper_crust,20.8,10,,1.0,False,6.3857,0.4756,0.0997,0.3492,0.233,46.2715,84.3258,-10.511,44.8218,35.1333,14.9903,0.1845,0.5665,0.3645,0.1156,2026-02-23T18:45:45.940444,5
136,Fort Conde de Mirasol,Puerto Rico,18.15,-65.4333,0.7158,0.5912,0.9284,0.285,0.4962,upper_crust,20.8,10,,1.0,False,6.3857,0.4751,0.0961,0.35,0.2323,46.5843,84.3351,-10.511,44.4905,35.8167,15.0179,0.1845,0.5665,0.3642,0.1153,2026-02-23T18:45:45.940444,5
137,Fortín San Juan de la Cruz,Puerto Rico,18.4667,-66.1667,0.7158,0.5925,0.9264,0.285,0.4961,upper_crust,20.8,10,,1.0,False,6.3857,0.4757,0.0997,0.3492,0.2331,46.2337,84.3254,-10.511,44.8597,35.0833,14.9852,0.1845,0.5665,0.3646,0.1156,2026-02-23T18:45:45.940444,5
138,Fort Barrancas,USA,30.35,-87.3,0.6953,0.6327,0.8425,0.4073,0.4878,upper_crust,20.8,10,,1.0,False,6.3857,0.4792,0.2551,0.3156,0.2452,44.796,83.9671,-10.511,46.9934,13.95,15.3217,0.1845,0.5665,0.3665,0.1196,2026-02-23T18:45:45.940444,0
139,Fort Caroline,USA,30.3833,-81.5,0.6953,0.6249,0.8542,0.4073,0.4878,upper_crust,20.8,10,,1.0,False,6.3857,0.4758,0.251,0.3211,0.2415,46.8751,84.0039,-10.511,44.9124,19.75,15.6004,0.1845,0.5665,0.3647,0.1178,2026-02-23T18:45:45.940444,0
140,Fort Delgrès,Guadeloupe (France),15.9833,-61.7167,0.7097,0.5841,0.9398,0.4073,0.497,upper_crust,20.8,10,,1.0,False,6.3857,0.4721,0.0735,0.3546,0.2289,48.2016,84.3904,-10.511,42.7473,39.5333,15.1372,0.1845,0.5665,0.3629,0.1138,2026-02-23T18:45:45.940444,3
141,Fort Desaix,Martinique (France),14.6,-61.0667,0.6953,0.5819,0.9457,0.4073,0.493,upper_crust,20.8,10,,1.0,False,6.3857,0.4724,0.0611,0.3568,0.2291,47.954,84.4112,-10.511,42.916,40.1833,15.0428,0.1845,0.5665,0.361,0.1129,2026-02-23T18:45:45.940444,0
142,Fort Diamant,French Guiana,4.8833,-52.2667,0.6953,0.5605,0.9689,0.4073,0.4926,upper_crust,20.8,10,,1.0,False,6.3857,0.4657,0.0043,0.3659,0.2222,51.458,84.5505,-10.511,38.8582,48.9833,15.0781,0.1845,0.5665,0.3574,0.1095,2026-02-23T18:45:45.940444,0
143,Fort Erie,Canada,42.9167,-79.0167,0.6953,0.632,0.8027,0.4073,0.482,upper_crust,20.8,10,,1.0,False,6.3857,0.4556,0.4105,0.3049,0.2371,59.6743,83.6947,-10.511,32.8404,22.2333,17.864,0.1845,0.5665,0.3595,0.1143,2026-02-23T18:45:45.940444,0
144,Fort Frederick,USA,39.6167,-78.0,0.6953,0.6279,0.8194,0.4073,0.4834,upper_crust,20.8,10,,1.0,False,6.3857,0.4599,0.3678,0.3106,0.2366,56.9009,83.7965,-10.511,35.4204,23.25,17.3475,0.1845,0.5665,0.36,0.1144,2026-02-23T18:45:45.940444,0
145,Fort Gaines,USA,30.25,-88.0833,0.6953,0.6337,0.8412,0.4073,0.4878,upper_crust,20.8,10,,1.0,False,6.3857,0.4798,0.2544,0.3149,0.2457,44.4674,83.9644,-10.511,47.3167,13.1667,15.2734,0.1845,0.5665,0.3668,0.1199,2026-02-23T18:45:45.940444,0
146,Fort Jackson,USA,29.35,-89.45,0.6953,0.6346,0.8414,0.4073,0.488,upper_crust,20.8,10,,1.0,False,6.3857,0.4818,0.2439,0.3145,0.2468,43.1867,83.9754,-10.511,48.5463,11.8,15.0627,0.1845,0.5665,0.3674,0.1204,2026-02-23T18:45:45.940444,0
147,Fort Macomb,USA,30.0667,-89.8,0.6953,0.6358,0.838,0.4073,0.4878,upper_crust,20.8,10,,1.0,False,6.3857,0.4808,0.2534,0.3133,0.2466,43.8221,83.9577,-10.511,47.9525,11.45,15.1792,0.1845,0.5665,0.3672,0.1203,2026-02-23T18:45:45.940444,0
148,Fort Macon,USA,34.7,-76.6833,0.6953,0.6219,0.8436,0.4073,0.4856,upper_crust,20.8,10,,1.0,False,6.3857,0.4661,0.3031,0.3187,0.2363,52.8863,83.935,-10.511,39.1479,24.5667,16.5937,0.1845,0.5665,0.3609,0.1147,2026-02-23T18:45:45.940444,0
149,Fort Mifflin,USA,39.8667,-75.2167,0.6953,0.624,0.8217,0.4073,0.4829,upper_crust,20.8,10,,1.0,False,6.3857,0.4578,0.3688,0.3119,0.2344,58.1982,83.8086,-10.511,34.1358,26.0333,17.5316,0.1845,0.5665,0.3587,0.1132,2026-02-23T18:45:45.940444,0
150,Fort Morgan,USA,30.2333,-88.0167,0.6953,0.6336,0.8414,0.4073,0.4878,upper_crust,20.8,10,,1.0,False,6.3857,0.4798,0.2542,0.315,0.2457,44.4697,83.9652,-10.511,47.3134,13.2333,15.273,0.1845,0.5665,0.3668,0.1199,2026-02-23T18:45:45.940444,0
151,Fort Pike,USA,30.1667,-89.7333,0.6953,0.6358,0.8378,0.4073,0.4878,upper_crust,20.8,10,,1.0,False,6.3857,0.4806,0.2546,0.3133,0.2465,43.9403,83.956,-10.511,47.84,11.5167,15.1994,0.1845,0.5665,0.3671,0.1202,2026-02-23T18:45:45.940444,0
152,Fort Pulaski,USA,32.0333,-80.9,0.6953,0.6256,0.8485,0.4073,0.4871,upper_crust,20.8,10,,1.0,False,6.3857,0.4729,0.2718,0.3193,0.2404,48.668,83.9706,-10.511,43.2145,20.35,15.9128,0.1845,0.5665,0.3638,0.1171,2026-02-23T18:45:45.940444,0
153,Fort San Carlos,USA,30.6667,-81.4667,0.6953,0.6251,0.8531,0.4073,0.4877,upper_crust,20.8,10,,1.0,False,6.3857,0.4753,0.2546,0.3207,0.2413,47.1553,83.9978,-10.511,44.6486,19.7833,15.6503,0.1845,0.5665,0.3645,0.1177,2026-02-23T18:45:45.940444,0
154,Fort Sumter,USA,32.75,-79.8667,0.6953,0.6248,0.8473,0.4073,0.4867,upper_crust,20.8,10,,1.0,False,6.3857,0.4712,0.2803,0.3192,0.2393,49.7547,83.9607,-10.511,42.1687,21.3833,16.0895,0.1845,0.5665,0.363,0.1165,2026-02-23T18:45:45.940444,0
155,Citadelle de Besançon,France,47.2361,6.0269,0.6953,0.6128,0.7872,0.5556,0.4798,upper_crust,20.8,10,MEDITERRANEAN_ALPINE,1.5,False,6.3857,0.3686,0.4188,0.3049,0.1702,90.0,84.25,-10.511,-19.402,107.2769,22.0994,0.1845,0.5665,0.325,0.0817,2026-02-23T18:45:45.940444,0
156,La Citadelle dArras,France,50.2825,2.7589,0.6953,0.5067,0.769,0.4073,0.4518,upper_crust,20.8,10,,1.0,False,6.3857,0.3726,0.4568,0.2985,0.1764,90.0,84.1216,-10.511,-17.0023,104.0089,22.2348,0.1845,0.5665,0.3141,0.0797,2026-02-23T18:45:45.940444,0
157,La Citadelle de Blaye,France,45.1217,-0.6733,0.6953,0.6228,0.7901,0.5556,0.4824,upper_crust,20.8,10,MEDITERRANEAN_ALPINE,1.5,False,6.3857,0.3761,0.3932,0.3045,0.1691,90.0,84.2581,-10.511,-14.8689,100.5767,22.0054,0.1845,0.5665,0.3257,0.0816,2026-02-23T18:45:45.940444,0
158,LEnceinte de Briançon,France,44.8958,6.6433,0.6953,0.6109,0.7993,0.5556,0.4811,upper_crust,20.8,10,MEDITERRANEAN_ALPINE,1.5,False,6.3857,0.3675,0.3892,0.309,0.1662,90.0,84.3289,-10.511,-20.0449,107.8933,21.9954,0.1845,0.5665,0.3236,0.08,2026-02-23T18:45:45.940444,0
159,La Place forte de Longwy,France,49.5167,5.7667,0.6953,0.6141,0.7757,0.5556,0.4785,upper_crust,20.8,10,MEDITERRANEAN_ALPINE,1.5,False,6.3857,0.3692,0.447,0.3012,0.1742,90.0,84.1734,-10.511,-18.9994,107.0167,22.2007,0.1845,0.5665,0.3263,0.0834,2026-02-23T18:45:45.940444,0
160,La Place forte de Mont-Dauphin,France,44.6667,6.6167,0.6953,0.6109,0.8004,0.5556,0.4812,upper_crust,20.8,10,MEDITERRANEAN_ALPINE,1.5,False,6.3857,0.3675,0.3862,0.3093,0.1658,90.0,84.3357,-10.511,-20.0464,107.8667,21.9852,0.1845,0.5665,0.3235,0.0798,2026-02-23T18:45:45.940444,0
161,Villefranche-de-Conflent,France,42.5833,2.3667,0.6953,0.6169,0.806,0.5556,0.4833,upper_crust,20.8,10,MEDITERRANEAN_ALPINE,1.5,False,6.3857,0.3724,0.3601,0.3103,0.1641,90.0,84.3614,-10.511,-17.09,103.6167,21.8926,0.1845,0.5665,0.3237,0.0793,2026-02-23T18:45:45.940444,0
162,Neuf-Brisach,France,48.0178,7.5281,0.6953,0.6107,0.7846,0.5556,0.479,upper_crust,20.8,10,MEDITERRANEAN_ALPINE,1.5,False,6.3857,0.367,0.4284,0.3044,0.1711,90.0,84.2379,-10.511,-20.3231,108.7781,22.1341,0.1845,0.5665,0.3251,0.082,2026-02-23T18:45:45.940444,0
163,Citadelle de Lille,France,50.6333,3.0667,0.6953,0.5064,0.7676,0.4073,0.4515,upper_crust,20.8,10,,1.0,False,6.3857,0.3723,0.461,0.2981,0.1769,90.0,84.1125,-10.511,-17.1723,104.3167,22.2504,0.1845,0.5665,0.3142,0.0799,2026-02-23T18:45:45.940444,0
164,Fort de l'Étoile,France,44.2,5.95,0.6953,0.6118,0.8021,0.5556,0.4817,upper_crust,20.8,10,MEDITERRANEAN_ALPINE,1.5,False,6.3857,0.3682,0.3804,0.3097,0.1653,90.0,84.3442,-10.511,-19.6102,107.2,21.9644,0.1845,0.5665,0.3235,0.0796,2026-02-23T18:45:45.940444,0
165,Fort Barraux,France,45.4167,5.9667,0.6953,0.6122,0.7962,0.5556,0.4809,upper_crust,20.8,10,MEDITERRANEAN_ALPINE,1.5,False,6.3857,0.3684,0.3959,0.3078,0.1673,90.0,84.3069,-10.511,-19.5244,107.2167,22.0185,0.1845,0.5665,0.3241,0.0805,2026-02-23T18:45:45.940444,0
166,Fort de Joux,France,46.8667,6.3667,0.6953,0.6121,0.7894,0.5556,0.48,upper_crust,20.8,10,MEDITERRANEAN_ALPINE,1.5,False,6.3857,0.3681,0.4141,0.3057,0.1695,90.0,84.2648,-10.511,-19.6683,107.6167,22.083,0.1845,0.5665,0.3247,0.0814,2026-02-23T18:45:45.940444,0
167,Fort de Douaumont,France,49.3167,5.4667,0.6953,0.6145,0.7764,0.5556,0.4787,upper_crust,20.8,10,MEDITERRANEAN_ALPINE,1.5,False,6.3857,0.3695,0.4446,0.3014,0.1739,90.0,84.1774,-10.511,-18.826,106.7167,22.1919,0.1845,0.5665,0.3263,0.0832,2026-02-23T18:45:45.940444,0
168,Komárno Star Fort,Slovakia,47.7667,18.1167,0.7136,0.6037,0.7908,0.5556,0.4843,upper_crust,20.8,10,MEDITERRANEAN_ALPINE,1.5,False,6.3857,0.3553,0.4248,0.3076,0.1675,90.0,84.3378,-10.511,-27.3329,119.3667,22.123,0.1845,0.5665,0.3259,0.0811,2026-02-23T18:45:45.940444,2
169,Festung Ehrenbreitstein,Germany,50.3667,7.6167,0.6953,0.4988,0.7729,0.4073,0.4509,upper_crust,20.8,10,,1.0,False,6.3857,0.3674,0.4572,0.3006,0.1751,90.0,84.1611,-10.511,-20.0779,108.8667,22.2385,0.1845,0.5665,0.313,0.079,2026-02-23T18:45:45.940444,0
170,Festung Ulm,Germany,48.4,9.9833,0.6953,0.6068,0.7844,0.5556,0.4782,upper_crust,20.8,10,MEDITERRANEAN_ALPINE,1.5,False,6.3857,0.3644,0.4329,0.3047,0.171,90.0,84.2468,-10.511,-21.8905,111.2333,22.1511,0.1845,0.5665,0.3246,0.0818,2026-02-23T18:45:45.940444,0
171,Festung Ingolstadt,Germany,48.7667,11.4333,0.7082,0.6046,0.7834,0.5556,0.4818,upper_crust,20.8,10,MEDITERRANEAN_ALPINE,1.5,False,6.3857,0.3629,0.4373,0.3046,0.1712,90.0,84.2474,-10.511,-22.7746,112.6833,22.1674,0.1845,0.5665,0.3265,0.0825,2026-02-23T18:45:45.940444,1
172,Festung Germersheim,Germany,49.2167,8.3667,0.6953,0.6097,0.7792,0.5556,0.4781,upper_crust,20.8,10,MEDITERRANEAN_ALPINE,1.5,False,6.3857,0.3664,0.4431,0.3028,0.1729,90.0,84.2059,-10.511,-20.7166,109.6167,22.1874,0.1845,0.5665,0.3255,0.0827,2026-02-23T18:45:45.940444,0
173,Festung Landau,Germany,49.2,8.1167,0.6953,0.6101,0.7791,0.5556,0.4782,upper_crust,20.8,10,MEDITERRANEAN_ALPINE,1.5,False,6.3857,0.3666,0.4429,0.3027,0.1729,90.0,84.2043,-10.511,-20.5571,109.3667,22.1867,0.1845,0.5665,0.3256,0.0827,2026-02-23T18:45:45.940444,0
174,Festung Rastatt,Germany,48.85,8.2,0.6953,0.6099,0.781,0.5556,0.4784,upper_crust,20.8,10,MEDITERRANEAN_ALPINE,1.5,False,6.3857,0.3665,0.4386,0.3033,0.1723,90.0,84.2166,-10.511,-20.6587,109.45,22.1711,0.1845,0.5665,0.3254,0.0824,2026-02-23T18:45:45.940444,0
175,Zitadelle Spandau,Germany,52.5333,13.2,0.6953,0.4912,0.765,0.4073,0.4484,upper_crust,20.8,10,,1.0,False,6.3857,0.3624,0.4827,0.2988,0.1774,90.0,84.1357,-10.511,-23.1003,114.45,22.3348,0.1845,0.5665,0.3129,0.0795,2026-02-23T18:45:45.940444,0
176,Festung Küstrin,Poland,52.5833,14.65,0.6953,0.4912,0.7653,0.4073,0.4484,upper_crust,20.8,10,,1.0,False,6.3857,0.361,0.4832,0.2991,0.1771,90.0,84.1465,-10.511,-23.9437,115.9,22.337,0.1845,0.5665,0.3128,0.0794,2026-02-23T18:45:45.940444,0
177,Festung Silberberg,Poland,50.5833,16.65,0.7082,0.4912,0.7761,0.4073,0.4544,upper_crust,20.8,10,,1.0,False,6.3857,0.3581,0.4594,0.3027,0.1729,90.0,84.2322,-10.511,-25.6619,117.9,22.2481,0.1845,0.5665,0.3136,0.0786,2026-02-23T18:45:45.940444,1
178,Twierdza K?odzko,Poland,50.4333,16.65,0.7082,0.4912,0.7769,0.4073,0.4545,upper_crust,20.8,10,,1.0,False,6.3857,0.3581,0.4576,0.303,0.1727,90.0,84.2372,-10.511,-25.7017,117.9,22.2415,0.1845,0.5665,0.3136,0.0785,2026-02-23T18:45:45.940444,1
179,Twierdza Nysa,Poland,50.4667,17.3333,0.7082,0.4912,0.7768,0.4073,0.4545,upper_crust,20.8,10,,1.0,False,6.3857,0.3574,0.458,0.303,0.1725,90.0,84.242,-10.511,-26.1117,118.5833,22.243,0.1845,0.5665,0.3135,0.0784,2026-02-23T18:45:45.940444,1
180,Twierdza Modlin,Poland,52.45,20.6833,0.6953,0.4912,0.7668,0.4073,0.4486,upper_crust,20.8,10,,1.0,False,6.3857,0.3551,0.4818,0.3,0.1753,90.0,84.2032,-10.511,-27.4891,121.9333,22.3311,0.1845,0.5665,0.312,0.0786,2026-02-23T18:45:45.940444,0
181,Twierdza Przemy?l,Poland,49.7833,22.7667,0.7082,0.6037,0.7803,0.5556,0.4812,upper_crust,20.8,10,MEDITERRANEAN_ALPINE,1.5,False,6.3857,0.3515,0.45,0.3044,0.1698,90.0,84.3116,-10.511,-29.6338,124.0167,22.2126,0.1845,0.5665,0.3255,0.0817,2026-02-23T18:45:45.940444,1
182,Twierdza Boyen,Poland,54.0333,21.7667,0.6953,0.4912,0.7585,0.4073,0.4474,upper_crust,20.8,10,,1.0,False,6.3857,0.355,0.5002,0.2974,0.178,90.0,84.1571,-10.511,-27.5353,123.0167,22.4015,0.1845,0.5665,0.3127,0.0796,2026-02-23T18:45:45.940444,0
183,Twierdza Pozna?,Poland,52.4,16.9333,0.7082,0.4912,0.7668,0.4073,0.4531,upper_crust,20.8,10,,1.0,False,6.3857,0.3587,0.481,0.2998,0.1762,90.0,84.1726,-10.511,-25.3321,118.1833,22.3289,0.1845,0.5665,0.3146,0.0798,2026-02-23T18:45:45.940444,1
184,Twierdza Zegrze,Poland,52.4667,21.0333,0.6953,0.4912,0.7667,0.4073,0.4486,upper_crust,20.8,10,,1.0,False,6.3857,0.3548,0.482,0.3,0.1753,90.0,84.2056,-10.511,-27.6838,122.2833,22.3319,0.1845,0.5665,0.312,0.0786,2026-02-23T18:45:45.940444,0
185,Akershus Fortress,Norway,59.9069,10.7364,0.6953,0.4966,0.7258,0.4073,0.4439,upper_crust,20.8,10,,1.0,False,6.3857,0.3675,0.5642,0.286,0.1909,90.0,83.8471,-10.511,-20.0235,111.9864,22.6625,0.1845,0.5665,0.3174,0.0847,2026-02-23T18:45:45.940444,0
186,Bohus Fortress,Sweden,57.8667,11.9833,0.6953,0.494,0.737,0.4073,0.4449,upper_crust,20.8,10,,1.0,False,6.3857,0.3657,0.5427,0.2897,0.1872,90.0,83.9341,-10.511,-21.1479,113.2333,22.5719,0.1845,0.5665,0.316,0.0833,2026-02-23T18:45:45.940444,0
187,Varberg Fortress,Sweden,57.1,12.25,0.6953,0.4933,0.741,0.4073,0.4454,upper_crust,20.8,10,,1.0,False,6.3857,0.3651,0.5344,0.291,0.1858,90.0,83.9646,-10.511,-21.4767,113.5,22.5378,0.1845,0.5665,0.3156,0.0828,2026-02-23T18:45:45.940444,0
188,Karlskrona Naval Base,Sweden,56.1667,15.5833,0.6953,0.4912,0.747,0.4073,0.4458,upper_crust,20.8,10,,1.0,False,6.3857,0.3617,0.5241,0.2933,0.1833,90.0,84.0275,-10.511,-23.4934,116.8333,22.4963,0.1845,0.5665,0.3145,0.0817,2026-02-23T18:45:45.940444,0
189,Benten Daiba,Japan,35.6333,139.7667,0.718,0.6262,0.8396,0.5693,0.4977,upper_crust,20.8,10,RING_OF_FIRE,1.8,False,6.3857,0.3516,0.3387,0.3241,0.1559,90.0,85.0,-10.511,-29.5708,241.0167,21.5837,0.1845,0.5665,0.3268,0.0776,2026-02-23T18:45:45.940444,16
190,Cabo de Rama Fort,India,15.0833,74.05,0.6953,0.4912,0.8735,0.4073,0.4646,upper_crust,20.8,10,,1.0,False,6.3857,0.2617,0.0564,0.3285,0.1053,90.0,85.0,-10.511,-83.5271,175.3,20.6704,0.1845,0.5665,0.285,0.0489,2026-02-23T18:45:45.940444,0
191,Corjuem Fort,India,15.6667,73.9,0.6953,0.4912,0.8723,0.4073,0.4644,upper_crust,20.8,10,,1.0,False,6.3857,0.2626,0.0611,0.3281,0.1057,90.0,85.0,-10.511,-83.0086,175.15,20.6963,0.1845,0.5665,0.285,0.0491,2026-02-23T18:45:45.940444,0
192,Colombo Fort,Sri Lanka,6.9333,79.8333,0.6953,0.4912,0.8977,0.4073,0.4684,upper_crust,20.8,10,,1.0,False,6.3857,0.2571,0.0098,0.3374,0.1035,90.0,85.0,-10.511,-86.2656,181.0833,20.3081,0.1845,0.5665,0.2859,0.0485,2026-02-23T18:45:45.940444,0
193,Karlsborg Fortress,Sweden,58.5167,14.5167,0.6953,0.4912,0.7345,0.4073,0.4441,upper_crust,20.8,10,,1.0,False,6.3857,0.3638,0.5496,0.2892,0.1878,90.0,83.932,-10.511,-22.2585,115.7667,22.6007,0.1845,0.5665,0.316,0.0834,2026-02-23T18:45:45.940444,0
194,Festung Wesel,Germany,51.6667,6.6167,0.6953,0.5009,0.7656,0.4073,0.4502,upper_crust,20.8,10,,1.0,False,6.3857,0.3688,0.4729,0.2981,0.1776,90.0,84.1083,-10.511,-19.2805,107.8667,22.2963,0.1845,0.5665,0.3139,0.08,2026-02-23T18:45:45.940444,0
195,Festung Minden,Germany,52.2833,8.9167,0.6953,0.4974,0.7641,0.4073,0.4494,upper_crust,20.8,10,,1.0,False,6.3857,0.3666,0.48,0.298,0.1781,90.0,84.1071,-10.511,-20.5896,110.1667,22.3237,0.1845,0.5665,0.3138,0.08,2026-02-23T18:45:45.940444,0
196,Festung Saarlouis,Germany,49.3167,6.75,0.6953,0.6124,0.7775,0.5556,0.4784,upper_crust,20.8,10,MEDITERRANEAN_ALPINE,1.5,False,6.3857,0.3681,0.4445,0.3019,0.1735,90.0,84.1886,-10.511,-19.6575,108.0,22.1919,0.1845,0.5665,0.3259,0.083,2026-02-23T18:45:45.940444,0
197,Zitadelle Jülich,Germany,50.9167,6.3667,0.6953,0.5011,0.7691,0.4073,0.4508,upper_crust,20.8,10,,1.0,False,6.3857,0.3689,0.4639,0.2992,0.1764,90.0,84.1317,-10.511,-19.2206,107.6167,22.263,0.1845,0.5665,0.3136,0.0795,2026-02-23T18:45:45.940444,0
198,Twierdza Zamo??,Poland,50.7167,23.25,0.6953,0.4912,0.7754,0.4073,0.4499,upper_crust,20.8,10,,1.0,False,6.3857,0.3516,0.4613,0.3029,0.1715,90.0,84.2844,-10.511,-29.591,124.5,22.2541,0.1845,0.5665,0.3107,0.0772,2026-02-23T18:45:45.940444,0
199,Twierdza Kamieniec Podolski,Ukraine,48.6833,26.5667,0.6953,0.6037,0.7848,0.5556,0.4776,upper_crust,20.8,10,MEDITERRANEAN_ALPINE,1.5,False,6.3857,0.347,0.4369,0.3059,0.1668,90.0,84.3803,-10.511,-32.3457,127.8167,22.1637,0.1845,0.5665,0.3222,0.0797,2026-02-23T18:45:45.940444,0
200,Twierdza Chocim,Ukraine,48.5167,26.4833,0.6953,0.6037,0.7857,0.5556,0.4777,upper_crust,20.8,10,MEDITERRANEAN_ALPINE,1.5,False,6.3857,0.347,0.4348,0.3062,0.1665,90.0,84.3851,-10.511,-32.3603,127.7333,22.1563,0.1845,0.5665,0.3221,0.0795,2026-02-23T18:45:45.940444,0
201,Twierdza Ostroh,Ukraine,50.3333,26.5167,0.6953,0.4912,0.7764,0.4073,0.45,upper_crust,20.8,10,,1.0,False,6.3857,0.3481,0.457,0.3032,0.1699,90.0,84.3251,-10.511,-31.655,127.7667,22.237,0.1845,0.5665,0.31,0.0765,2026-02-23T18:45:45.940444,0
202,Twierdza Dubno,Ukraine,50.4,25.75,0.6953,0.4912,0.7764,0.4073,0.45,upper_crust,20.8,10,,1.0,False,6.3857,0.3489,0.4577,0.3032,0.1702,90.0,84.3164,-10.511,-31.1804,127.0,22.24,0.1845,0.5665,0.3101,0.0766,2026-02-23T18:45:45.940444,0
203,Fort Tiracol,India,15.9333,73.6667,0.6953,0.4912,0.8712,0.4073,0.4642,upper_crust,20.8,10,,1.0,False,6.3857,0.2631,0.0633,0.3277,0.1059,90.0,85.0,-10.511,-82.6606,174.9167,20.7081,0.1845,0.5665,0.2851,0.0492,2026-02-23T18:45:45.940444,0
204,Fort Chapora,India,15.6,73.7333,0.6953,0.4912,0.8718,0.4073,0.4643,upper_crust,20.8,10,,1.0,False,6.3857,0.2627,0.0605,0.3279,0.1057,90.0,85.0,-10.511,-82.9458,174.9833,20.6933,0.1845,0.5665,0.285,0.0491,2026-02-23T18:45:45.940444,0
205,Fort Sinquerim,India,15.5,73.7667,0.6953,0.4912,0.8721,0.4073,0.4644,upper_crust,20.8,10,,1.0,False,6.3857,0.2625,0.0597,0.328,0.1056,90.0,85.0,-10.511,-83.0395,175.0167,20.6889,0.1845,0.5665,0.285,0.049,2026-02-23T18:45:45.940444,0
206,Fort Gaspar Dias,India,15.5,73.8333,0.6953,0.4912,0.8723,0.4073,0.4644,upper_crust,20.8,10,,1.0,False,6.3857,0.2624,0.0597,0.3281,0.1056,90.0,85.0,-10.511,-83.0846,175.0833,20.6889,0.1845,0.5665,0.285,0.049,2026-02-23T18:45:45.940444,0
207,Fort Mormugao,India,15.4,73.8,0.6953,0.4912,0.8723,0.4073,0.4644,upper_crust,20.8,10,,1.0,False,6.3857,0.2623,0.0589,0.3281,0.1055,90.0,85.0,-10.511,-83.133,175.05,20.6844,0.1845,0.5665,0.2849,0.049,2026-02-23T18:45:45.940444,0
208,Fort Anjediva,India,14.7667,74.1167,0.6953,0.4912,0.8741,0.4073,0.4647,upper_crust,20.8,10,,1.0,False,6.3857,0.2612,0.0539,0.3287,0.1051,90.0,85.0,-10.511,-83.792,175.3667,20.6563,0.1845,0.5665,0.2849,0.0488,2026-02-23T18:45:45.940444,0
209,Fort Sadashivgad,India,14.8167,74.1333,0.6953,0.4912,0.8741,0.4073,0.4647,upper_crust,20.8,10,,1.0,False,6.3857,0.2613,0.0543,0.3287,0.1051,90.0,85.0,-10.511,-83.7697,175.3833,20.6585,0.1845,0.5665,0.2849,0.0488,2026-02-23T18:45:45.940444,0
210,Fort Devagad,India,16.9833,73.3167,0.6953,0.4912,0.8686,0.4073,0.4638,upper_crust,20.8,10,,1.0,False,6.3857,0.2648,0.0722,0.327,0.1067,90.0,85.0,-10.511,-81.6508,174.5667,20.7548,0.1845,0.5665,0.2853,0.0495,2026-02-23T18:45:45.940444,0
211,Fort Ratnagiri,India,16.9833,73.3,0.6953,0.4912,0.8686,0.4073,0.4638,upper_crust,20.8,10,,1.0,False,6.3857,0.2648,0.0722,0.3269,0.1067,90.0,85.0,-10.511,-81.6406,174.55,20.7548,0.1845,0.5665,0.2853,0.0495,2026-02-23T18:45:45.940444,0
212,Fort Viziadurg,India,16.5667,73.5667,0.6953,0.4912,0.87,0.4073,0.464,upper_crust,20.8,10,,1.0,False,6.3857,0.264,0.0687,0.3274,0.1064,90.0,85.0,-10.511,-82.1236,174.8167,20.7363,0.1845,0.5665,0.2852,0.0494,2026-02-23T18:45:45.940444,0
213,Fort Santo António de Zaire,Angola,-6.1167,12.3667,0.6953,0.4912,0.9664,0.4073,0.4797,upper_crust,20.8,10,,1.0,False,6.3857,0.3645,0.0306,0.3679,0.1409,90.0,85.0,-10.511,-21.8522,113.6167,20.2719,0.1845,0.5665,0.3103,0.0676,2026-02-23T18:45:45.940444,0
214,Fortaleza de São Miguel de Ambriz,Angola,-7.85,13.1167,0.6953,0.4912,0.9636,0.4073,0.4792,upper_crust,20.8,10,,1.0,False,6.3857,0.364,0.0422,0.367,0.1409,90.0,85.0,-10.511,-22.144,114.3667,20.3489,0.1845,0.5665,0.31,0.0675,2026-02-23T18:45:45.940444,0
215,Fort Amherst,Canada,47.5667,-52.6833,0.6953,0.5946,0.7902,0.4073,0.4722,upper_crust,20.8,10,,1.0,False,6.3857,0.4304,0.4486,0.3035,0.2131,75.0481,83.7431,-10.511,17.7202,48.5667,20.1205,0.1845,0.5665,0.3427,0.1006,2026-02-23T18:45:45.940444,0
