ID,Name,Country,Latitude,Longitude,Region,red,green,blue,spaceResonance,angleOfIncidence,ionosphericHeight,solarDeclination,solarElevation,hourAngle,lagTimeHours,solarFluxFactor,solarCyclePhase
1,Citadel of Alessandria,Italy,44.9203,8.6064,Europe,0.3652,0.3893,0.3098,0.1656,90.0,84.3453,-10.511,-21.4255,109.8564,21.9965,0.1845,0.5665
2,Alba Carolina Citadel,Romania,46.075,23.5708,Europe,0.3486,0.4039,0.3105,0.1628,90.0,84.4385,-10.511,-31.3902,124.8208,22.0478,0.1845,0.5665
3,Fort Bourtange,Netherlands,53.0067,7.1922,Europe,0.3685,0.4886,0.2962,0.1798,90.0,84.067,-10.511,-19.4426,108.4422,22.3559,0.1845,0.5665
4,Naarden,Netherlands,52.295,5.16,Europe,0.3704,0.4805,0.2964,0.1791,90.0,84.074,-10.511,-18.3132,106.41,22.3242,0.1845,0.5665
5,Palmanova,Italy,45.9056,13.31,Europe,0.36,0.4015,0.3098,0.1657,90.0,84.3555,-10.511,-24.5437,114.56,22.0402,0.1845,0.5665
6,Fortress of Luxembourg,Luxembourg,49.6167,6.1333,Europe,0.3689,0.4482,0.3012,0.1742,90.0,84.1732,-10.511,-19.2249,107.3833,22.2052,0.1845,0.5665
7,Suomenlinna,Finland,60.1472,25.0,Europe,0.3566,0.5669,0.287,0.1887,90.0,83.9609,-10.511,-26.5909,126.25,22.6732,0.1845,0.5665
8,Kronborg Castle,Denmark,56.0389,12.6214,Europe,0.3643,0.5228,0.2929,0.1838,90.0,84.0065,-10.511,-21.9367,113.8714,22.4906,0.1845,0.5665
9,Citadel Hill,Canada,44.6475,-63.5806,Americas,0.4429,0.4204,0.3084,0.2239,67.4231,83.7518,-10.511,25.1821,37.6694,18.9741,0.1845,0.5665
10,Landskrona Citadel,Sweden,55.8833,12.85,Europe,0.3641,0.521,0.2932,0.1835,90.0,84.0141,-10.511,-22.0991,114.1,22.4837,0.1845,0.5665
11,Star Fort Matara,Sri Lanka,5.9486,80.5469,Asia,0.2591,0.0067,0.3383,0.1042,90.0,85.0,-10.511,-85.1034,181.7969,20.2644,0.1845,0.5665
12,Jaffna Fort,Sri Lanka,9.6625,80.0075,Asia,0.2534,0.022,0.3379,0.1024,90.0,85.0,-10.511,-88.4991,181.2575,20.4294,0.1845,0.5665
13,Galle Fort,Sri Lanka,6.03,80.2167,Asia,0.2588,0.0069,0.3378,0.104,90.0,85.0,-10.511,-85.2899,181.4667,20.268,0.1845,0.5665
14,Batavia Castle,Indonesia,-6.1275,106.8106,Asia,0.3051,0.0124,0.358,0.1204,90.0,85.0,-10.511,-57.4811,208.0606,20.2723,0.1845,0.5665
15,Fort Rotterdam,Indonesia,-5.1333,119.4056,Asia,0.3232,0.0063,0.356,0.1263,90.0,85.0,-10.511,-46.6018,220.6556,20.2281,0.1845,0.5665
16,Manjarabad Fort,India,12.9667,75.75,Asia,0.2573,0.041,0.3314,0.1036,90.0,85.0,-10.511,-86.1716,177.0,20.5763,0.1845,0.5665
17,Aguada Fort,India,15.4922,73.7725,Asia,0.2625,0.0596,0.328,0.1056,90.0,85.0,-10.511,-83.049,175.0225,20.6885,0.1845,0.5665
18,Star Fort Jhansi,India,25.4583,78.5792,Asia,0.2758,0.1644,0.3304,0.1157,90.0,85.0,-10.511,-75.0518,179.8292,21.1315,0.1845,0.5665
19,Chaul Fort,India,18.5333,72.9167,Asia,0.2672,0.0864,0.3259,0.108,90.0,85.0,-10.511,-80.1928,174.1667,20.8237,0.1845,0.5665
20,Castle of Good Hope,South Africa,-33.9258,18.4275,Africa,0.3716,0.3374,0.3304,0.1619,90.0,84.7345,-10.511,-17.5851,119.6775,21.5078,0.1845,0.5665
21,Fort Jesus,Kenya,-4.0625,39.6797,Africa,0.3201,0.0177,0.3526,0.1252,90.0,85.0,-10.511,-48.4609,140.9297,20.1806,0.1845,0.5665
22,Elmina Castle,Ghana,5.0825,-1.3481,Africa,0.3832,0.001,0.3497,0.1463,90.0,84.9784,-10.511,-10.6362,99.9019,20.2259,0.1845,0.5665
23,Fort São Sebastião,Mozambique,-15.0333,40.7333,Africa,0.3268,0.1023,0.3444,0.1291,90.0,85.0,-10.511,-44.4899,141.9833,20.6681,0.1845,0.5665
24,Fort São Caetano,Angola,-8.8,13.2333,Africa,0.3642,0.0492,0.366,0.1411,90.0,85.0,-10.511,-22.01,114.4833,20.3911,0.1845,0.5665
25,Fort Patience,Ghana,5.2833,-0.7333,Africa,0.3821,0.0013,0.3506,0.146,90.0,84.983,-10.511,-11.2736,100.5167,20.2348,0.1845,0.5665
26,Fort Good Hope,Ghana,5.3833,-0.4833,Africa,0.3817,0.0014,0.3509,0.1458,90.0,84.9848,-10.511,-11.5358,100.7667,20.2393,0.1845,0.5665
27,Fort São Miguel,Angola,-8.8083,13.2233,Africa,0.3642,0.0492,0.366,0.1411,90.0,85.0,-10.511,-21.9983,114.4733,20.3915,0.1845,0.5665
28,Fort Metal Cross,Ghana,4.8,-1.95,Africa,0.3842,0.0007,0.3489,0.1466,90.0,84.9742,-10.511,-9.9972,99.3,20.2133,0.1845,0.5665
29,Fort Monroe,USA,37.0036,-76.3075,Americas,0.4626,0.3327,0.3156,0.2355,55.1425,83.8787,-10.511,37.0254,24.9425,16.9969,0.1845,0.5665
30,Fort Jay,USA,40.6911,-74.0164,Americas,0.4558,0.3784,0.3112,0.2333,59.4294,83.7937,-10.511,32.9519,27.2336,17.7324,0.1845,0.5665
31,Fort Wood,USA,40.6892,-74.0445,Americas,0.4558,0.3784,0.3112,0.2334,59.4163,83.7935,-10.511,32.9649,27.2055,17.7306,0.1845,0.5665
32,Castillo San Felipe del Morro,Puerto Rico,18.4672,-66.1239,Americas,0.4756,0.0997,0.3492,0.233,46.2664,84.3257,-10.511,44.827,35.1261,14.9896,0.1845,0.5665
33,Citadel of Quebec,Canada,46.8072,-71.2075,Americas,0.4454,0.4526,0.3028,0.2311,66.0219,83.629,-10.511,26.7156,30.0425,18.8832,0.1845,0.5665
34,Fort Independence,USA,42.34,-71.0117,Americas,0.4515,0.397,0.31,0.2307,62.1437,83.7671,-10.511,30.3318,30.2383,18.1676,0.1845,0.5665
35,Fort McHenry,USA,39.2633,-76.5797,Americas,0.4596,0.3621,0.312,0.2355,57.1078,83.816,-10.511,35.1919,24.6703,17.3594,0.1845,0.5665
36,Castillo de San Marcos,USA,29.8978,-81.3114,Americas,0.4763,0.2447,0.3219,0.2415,46.4963,84.0158,-10.511,45.2631,19.9386,15.5283,0.1845,0.5665
37,Fort Prince of Wales,Canada,58.7972,-94.2136,Americas,0.435,0.5979,0.2707,0.2401,73.0032,83.0625,-10.511,20.457,7.0364,20.347,0.1845,0.5665
38,Fort Denison,Australia,-33.8547,151.2258,Oceania,0.3871,0.2582,0.293,0.1574,90.0,85.0,-10.511,-8.2929,252.4758,21.5047,0.1845,0.5665
39,Fort Glanville,Australia,-34.8461,138.4847,Oceania,0.3716,0.2787,0.3035,0.1547,90.0,85.0,-10.511,-17.6053,239.7347,21.5487,0.1845,0.5665
40,Fort Jervois,New Zealand,-43.6036,172.7417,Oceania,0.4177,0.3755,0.2597,0.1882,82.322,85.0,-10.511,10.1004,273.9917,20.9142,0.1845,0.5665
41,Fort de Bregille,France,47.2333,6.0333,Europe,0.3686,0.4188,0.305,0.1702,90.0,84.2502,-10.511,-19.4066,107.2833,22.0993,0.1845,0.5665
42,Fort de Chaudanne,France,47.24,6.0167,Europe,0.3686,0.4189,0.3049,0.1703,90.0,84.2498,-10.511,-19.3947,107.2667,22.0996,0.1845,0.5665
43,Fort de La Hougue,France,49.5833,-1.2667,Europe,0.3768,0.449,0.2973,0.1764,90.0,84.1098,-10.511,-14.442,99.9833,22.2037,0.1845,0.5665
44,Citadelle d'Entrevaux,France,44.0,6.8167,Europe,0.3672,0.3777,0.3105,0.1647,90.0,84.3578,-10.511,-20.2467,108.0667,21.9556,0.1845,0.5665
45,Fort de Sainte-Adresse,France,49.5,0.0833,Europe,0.3754,0.4477,0.2982,0.1759,90.0,84.1243,-10.511,-15.3195,101.3333,22.2,0.1845,0.5665
46,Fort de Tourneville,France,49.5,0.1167,Europe,0.3753,0.4477,0.2982,0.1759,90.0,84.1246,-10.511,-15.3412,101.3667,22.2,0.1845,0.5665
47,Fort de la Pree,France,46.2,-1.3667,Europe,0.3769,0.4071,0.3024,0.171,90.0,84.2184,-10.511,-14.3872,99.8833,22.0533,0.1845,0.5665
48,Fort des Salettes,France,44.8833,6.65,Europe,0.3675,0.389,0.309,0.1662,90.0,84.3294,-10.511,-20.0507,107.9,21.9948,0.1845,0.5665
49,The Fortifications of Toulon,France,43.1167,5.9333,Europe,0.3681,0.3664,0.3114,0.1636,90.0,84.3767,-10.511,-19.6771,107.1833,21.9163,0.1845,0.5665
50,Fort Vallières,France,51.0333,2.3833,Europe,0.373,0.4659,0.2971,0.1778,90.0,84.093,-10.511,-16.713,103.6333,22.2681,0.1845,0.5665
51,Citadelle Vauban,France,47.35,-3.15,Europe,0.3789,0.4219,0.2994,0.1734,90.0,84.1663,-10.511,-13.1814,98.1,22.1044,0.1845,0.5665
52,Kastellet,Denmark,55.6911,12.5953,Europe,0.3642,0.5189,0.2935,0.1832,90.0,84.0188,-10.511,-22.0075,113.8453,22.4752,0.1845,0.5665
53,Fredericia Ramparts,Denmark,55.5667,9.75,Europe,0.3668,0.5177,0.2929,0.1836,90.0,83.9986,-10.511,-20.4689,111.0,22.4696,0.1845,0.5665
54,Nyborg Fortress,Denmark,55.3167,10.7833,Europe,0.3657,0.5148,0.2936,0.1829,90.0,84.0166,-10.511,-21.094,112.0333,22.4585,0.1845,0.5665
55,Fredrikstad Fortress,Norway,59.2167,10.95,Europe,0.3671,0.5571,0.2872,0.1897,90.0,83.8749,-10.511,-20.295,112.2,22.6319,0.1845,0.5665
56,Fredriksvern,Norway,59.0,10.0333,Europe,0.3678,0.5548,0.2873,0.1895,90.0,83.875,-10.511,-19.8878,111.2833,22.6222,0.1845,0.5665
57,Kongsvinger Fortress,Norway,60.2,12.0,Europe,0.3666,0.5671,0.2858,0.1912,90.0,83.847,-10.511,-20.5599,113.25,22.6756,0.1845,0.5665
58,Kristiansten Fortress,Norway,63.4333,10.4167,Europe,0.3692,0.5989,0.2801,0.1969,90.0,83.7089,-10.511,-18.9968,111.6667,22.8193,0.1845,0.5665
59,Vardøhus Fortress,Norway,70.3667,31.0833,Europe,0.3622,0.79,0.2692,0.229,90.0,83.6079,-10.511,-23.2222,132.3333,23.1274,0.1845,0.5665
60,Daugavgr?va Fortress,Latvia,57.05,24.0333,Europe,0.355,0.5342,0.2923,0.1832,90.0,84.068,-10.511,-27.5149,125.2833,22.5356,0.1845,0.5665
61,Daugavpils Fortress,Latvia,55.8833,26.5,Europe,0.3521,0.5216,0.294,0.1805,90.0,84.1314,-10.511,-29.2517,127.75,22.4837,0.1845,0.5665
62,Riga Old Town,Latvia,56.95,24.1167,Europe,0.3549,0.5331,0.2924,0.183,90.0,84.0723,-10.511,-27.5986,125.3667,22.5311,0.1845,0.5665
63,Pärnu Vallikäär,Estonia,58.3833,24.5,Europe,0.3556,0.5485,0.29,0.1856,90.0,84.0228,-10.511,-27.161,125.75,22.5948,0.1845,0.5665
64,Tartu Tähetorn,Estonia,58.3667,26.7167,Europe,0.3539,0.5486,0.2898,0.1851,90.0,84.0422,-10.511,-28.2011,127.9667,22.5941,0.1845,0.5665
65,Paldiski Muula mäed,Estonia,59.35,24.0667,Europe,0.3567,0.5586,0.2884,0.1874,90.0,83.983,-10.511,-26.5323,125.3167,22.6378,0.1845,0.5665
66,Birai Castle,Lithuania,56.2,24.75,Europe,0.3538,0.5249,0.2936,0.1814,90.0,84.105,-10.511,-28.2349,126.0,22.4978,0.1845,0.5665
67,Klaip?da Castle,Lithuania,55.7,21.1333,Europe,0.3566,0.5191,0.2946,0.1813,90.0,84.0922,-10.511,-26.5802,122.3833,22.4756,0.1845,0.5665
68,Trakai Island Castle,Lithuania,54.65,24.9333,Europe,0.3526,0.5075,0.2962,0.1785,90.0,84.1623,-10.511,-28.9882,126.1833,22.4289,0.1845,0.5665
69,Kaunas Castle and Fortress,Lithuania,54.9,23.9,Europe,0.3537,0.5103,0.2959,0.1792,90.0,84.1446,-10.511,-28.3422,125.15,22.44,0.1845,0.5665
70,Petersberg Citadel,Germany,50.9833,11.0333,Europe,0.364,0.4643,0.3008,0.1752,90.0,84.17,-10.511,-22.1137,112.2833,22.2659,0.1845,0.5665
71,Mainz Citadel,Germany,50.0,8.2667,Europe,0.3667,0.4527,0.3015,0.1743,90.0,84.179,-10.511,-20.5415,109.5167,22.2222,0.1845,0.5665
72,(City fortifications),Germany,53.55,10.0,Europe,0.3659,0.4947,0.2963,0.18,90.0,84.0725,-10.511,-21.0054,111.25,22.38,0.1845,0.5665
73,Forbidden City,China,39.9167,116.3972,Asia,0.3249,0.3767,0.337,0.1536,90.0,85.0,-10.511,-45.5735,217.6472,21.7741,0.1845,0.5665
74,Fort Orange,Brazil,-7.75,-34.8333,Americas,0.4417,0.0327,0.3413,0.1953,65.9828,84.6778,-10.511,24.48,66.4167,17.1421,0.1845,0.5665
75,Forte de São João Batista do Brum,Brazil,-8.05,-34.8833,Americas,0.4419,0.0347,0.3413,0.1955,65.9089,84.6756,-10.511,24.5708,66.3667,17.1456,0.1845,0.5665
76,Forte do Presépio,Brazil,-1.45,-48.5,Americas,0.4623,0.003,0.3625,0.2187,53.2831,84.5885,-10.511,36.8386,52.75,15.1689,0.1845,0.5665
77,Forte Príncipe da Beira,Brazil,-12.4167,-64.4167,Americas,0.4907,0.0545,0.359,0.2475,36.8703,84.4085,-10.511,53.8787,36.8333,13.4679,0.1845,0.5665
78,Fortaleza de Nossa Senhora da Assunção,Brazil,-3.7167,-38.5,Americas,0.4467,0.0111,0.3479,0.2011,62.7839,84.6651,-10.511,27.4561,62.75,16.5364,0.1845,0.5665
79,Forte de Nossa Senhora dos Remédios,Brazil,-3.8333,-32.4167,Americas,0.4367,0.0128,0.3393,0.1899,68.7461,84.7153,-10.511,21.4953,68.8333,17.3365,0.1845,0.5665
80,Forte de Santo Inácio de Tamandaré,Brazil,-8.75,-35.1,Americas,0.4424,0.0393,0.3412,0.1961,65.6415,84.6694,-10.511,24.8777,66.15,17.1411,0.1845,0.5665
81,Forte do Barbalho,Brazil,-12.9667,-38.5167,Americas,0.4487,0.0714,0.3427,0.2035,62.0813,84.6064,-10.511,28.6784,62.7333,16.8538,0.1845,0.5665
82,Forte de São Lourenço,Brazil,-12.8833,-38.6833,Americas,0.449,0.0706,0.343,0.2037,61.9223,84.6059,-10.511,28.8328,62.5667,16.8289,0.1845,0.5665
83,Fortaleza de Santa Cruz da Barra,Brazil,-22.8833,-43.1167,Americas,0.4564,0.1744,0.3367,0.2158,58.0176,84.4358,-10.511,33.3101,58.1333,16.7527,0.1845,0.5665
84,Fortaleza de Santo Antônio de Ratones,Brazil,-27.5833,-48.5667,Americas,0.4639,0.2289,0.3338,0.2276,53.8119,84.3046,-10.511,37.79,52.6833,16.4008,0.1845,0.5665
85,Fortaleza de São José da Ponta Grossa,Brazil,-27.5833,-48.5167,Americas,0.4638,0.2289,0.3337,0.2275,53.8557,84.305,-10.511,37.7462,52.7333,16.4067,0.1845,0.5665
86,Bihu Loukon,India,24.8167,93.95,Asia,0.2848,0.1672,0.35,0.1198,90.0,85.0,-10.511,-69.6805,195.2,21.103,0.1845,0.5665
87,Fort St. George,India,13.0833,80.2833,Asia,0.2559,0.0436,0.3381,0.1036,90.0,85.0,-10.511,-87.0219,181.5333,20.5815,0.1845,0.5665
88,Fort William,India,22.5667,88.35,Asia,0.2762,0.1374,0.3453,0.1147,90.0,85.0,-10.511,-74.8468,189.6,21.003,0.1845,0.5665
89,St. Angelo Fort,India,11.8667,75.3667,Asia,0.2569,0.0335,0.3309,0.1033,90.0,85.0,-10.511,-86.4149,176.6167,20.5274,0.1845,0.5665
90,Fortaleza de São João Baptista,Portugal,38.6667,-27.2167,Europe,0.4102,0.3199,0.3026,0.1752,86.6486,84.2167,-10.511,5.5779,74.0333,21.2717,0.1845,0.5665
91,Forte de Santo António da Barra,Portugal,38.7,-9.4167,Europe,0.3876,0.3126,0.3066,0.1633,90.0,84.369,-10.511,-7.9673,91.8333,21.72,0.1845,0.5665
92,Forte de Santa Luzia,Portugal,38.8833,-7.1667,Europe,0.3847,0.3143,0.3084,0.1626,90.0,84.3836,-10.511,-9.7304,94.0833,21.7281,0.1845,0.5665
93,Forte de São Bruno,Portugal,38.6667,-9.3167,Europe,0.3875,0.3122,0.3067,0.1632,90.0,84.3708,-10.511,-8.0406,91.9333,21.7185,0.1845,0.5665
94,Fort São Roque,Portugal,32.65,-16.9167,Europe,0.3993,0.2371,0.3061,0.16,90.0,84.4579,-10.511,-0.9555,84.3333,21.4511,0.1845,0.5665
95,Fort Victoria,Indonesia,-3.7,128.1833,Asia,0.3363,0.0019,0.3486,0.1303,90.0,85.0,-10.511,-38.7788,229.4333,20.1644,0.1845,0.5665
96,Fort Nassau,Indonesia,-4.5167,129.8833,Asia,0.3394,0.0032,0.3459,0.1312,90.0,85.0,-10.511,-36.92,231.1333,20.2007,0.1845,0.5665
97,Fort Oranje,Indonesia,-0.7833,127.3833,Asia,0.3337,0.0001,0.3521,0.1296,90.0,85.0,-10.511,-40.3332,228.6333,20.0348,0.1845,0.5665
98,Fort Marlborough,Indonesia,-3.7833,-102.25,Asia,0.5396,0.0015,0.3148,0.2845,7.0889,84.216,-10.511,83.1996,-1.0,9.1133,0.1845,0.5665
99,Fort Vastenburg,Indonesia,-7.5667,110.8167,Asia,0.312,0.0177,0.3563,0.1227,90.0,85.0,-10.511,-53.3152,212.0667,20.3363,0.1845,0.5665
100,Fort Cornwallis,Malaysia,5.4167,100.3333,Asia,0.2875,0.0087,0.3666,0.1151,90.0,85.0,-10.511,-68.0359,201.5833,20.2407,0.1845,0.5665
101,Gory?kaku,Japan,41.8,140.75,Asia,0.3546,0.4181,0.3167,0.1666,90.0,85.0,-10.511,-27.7554,242.0,21.8578,0.1845,0.5665
102,Hekirichi Bastion Fort,Japan,41.8167,140.65,Asia,0.3545,0.4183,0.3168,0.1666,90.0,85.0,-10.511,-27.8253,241.9,21.8585,0.1845,0.5665
103,Tatsuoka Castle,Japan,36.2,138.4833,Asia,0.3501,0.3452,0.3249,0.1562,90.0,85.0,-10.511,-30.5071,239.7333,21.6089,0.1845,0.5665
104,Temple Mount,Israel,31.7778,35.2356,Asia,0.3266,0.2216,0.3297,0.1363,90.0,84.9279,-10.511,-44.6051,136.4856,21.4123,0.1845,0.5665
105,Forte de Barém,Bahrain,26.2333,50.5333,Asia,0.3025,0.1588,0.3226,0.1233,90.0,85.0,-10.511,-59.0683,151.7833,21.1659,0.1845,0.5665
106,Fort Nossa Senhora da Vitória,Angola,-10.7333,13.75,Africa,0.3643,0.0649,0.364,0.1413,90.0,85.0,-10.511,-21.98,115.0,20.477,0.1845,0.5665
107,Fortress of Muxima,Angola,-9.5,13.9167,Africa,0.3634,0.0547,0.3657,0.1409,90.0,85.0,-10.511,-22.4747,115.1667,20.4222,0.1845,0.5665
108,Fortress of Kambambe,Angola,-9.75,14.4833,Africa,0.3627,0.0567,0.3658,0.1407,90.0,85.0,-10.511,-22.9444,115.7333,20.4333,0.1845,0.5665
109,Fort São Filipe,Angola,-12.5833,13.4,Africa,0.3657,0.0815,0.3614,0.1421,90.0,85.0,-10.511,-21.1299,114.65,20.5593,0.1845,0.5665
110,Fort São Francisco do Penedo,Angola,-15.2,12.15,Africa,0.3689,0.1073,0.3571,0.1439,90.0,85.0,-10.511,-19.2077,113.4,20.6756,0.1845,0.5665
111,Quicombo Fort,Angola,-12.3667,13.7833,Africa,0.365,0.0795,0.3619,0.1419,90.0,85.0,-10.511,-21.5505,115.0333,20.5496,0.1845,0.5665
112,Fort São José,Angola,-6.2667,14.25,Africa,0.3615,0.0316,0.3698,0.14,90.0,85.0,-10.511,-23.631,115.5,20.2785,0.1845,0.5665
113,Fort James,Antigua and Barbuda,17.1167,-61.8333,Other,0.4713,0.084,0.3528,0.2282,48.7724,84.3755,-10.511,42.241,39.4167,15.2637,0.1845,0.5665
114,Cacheu Fort,Guinea-Bissau,12.2667,-16.1667,Africa,0.4051,0.0287,0.3245,0.155,88.2031,84.8023,-10.511,2.4981,85.0833,20.3056,0.1845,0.5665
115,São José,Guinea-Bissau,11.8667,-15.5833,Africa,0.4043,0.0262,0.3256,0.1542,88.6615,84.811,-10.511,2.0166,85.6667,20.3489,0.1845,0.5665
116,Borj Nord,Morocco,34.0667,-4.9833,Africa,0.3825,0.2512,0.3169,0.1561,90.0,84.5275,-10.511,-11.0166,96.2667,21.5141,0.1845,0.5665
117,El Jadida,Morocco,33.2333,-8.5,Africa,0.3875,0.2415,0.3146,0.1568,90.0,84.517,-10.511,-8.0152,92.75,21.477,0.1845,0.5665
118,Nossa Senhora da Conceição,Mozambique,-23.8667,35.3833,Africa,0.3418,0.2052,0.3403,0.1402,90.0,85.0,-10.511,-35.4396,136.6333,21.0607,0.1845,0.5665
119,Nossa Senhora da Conceição de Lourenço Marques,Mozambique,-25.9667,32.5833,Africa,0.3473,0.2323,0.3396,0.1442,90.0,85.0,-10.511,-32.1627,133.8333,21.1541,0.1845,0.5665
120,Santo António,Mozambique,-12.3333,40.5833,Africa,0.3247,0.0762,0.3468,0.1276,90.0,85.0,-10.511,-45.7431,141.8333,20.5481,0.1845,0.5665
121,São Caetano,Mozambique,-20.15,34.7333,Africa,0.3393,0.1603,0.3454,0.1364,90.0,85.0,-10.511,-36.9381,135.9833,20.8956,0.1845,0.5665
122,São Marçal,Mozambique,-25.9667,32.4667,Africa,0.3474,0.2324,0.3397,0.1442,90.0,85.0,-10.511,-32.0748,133.7167,21.1541,0.1845,0.5665
123,São Tiago Maior,Mozambique,-23.8667,35.35,Africa,0.3419,0.2052,0.3403,0.1402,90.0,85.0,-10.511,-35.4143,136.6,21.0607,0.1845,0.5665
124,São João Baptista de Ajudá,Benin,6.3667,-2.0833,Africa,0.384,0.0031,0.3481,0.1465,90.0,84.9664,-10.511,-10.1309,99.1667,20.283,0.1845,0.5665
125,Fort Anne,Canada,44.7417,-65.5183,Americas,0.4442,0.423,0.3079,0.2258,66.6041,83.7346,-10.511,26.0081,35.7317,18.8691,0.1845,0.5665
126,Fort Beauséjour,Canada,45.8667,-64.2833,Americas,0.4419,0.436,0.3063,0.2248,68.0892,83.7088,-10.511,24.5881,36.9667,19.1171,0.1845,0.5665
127,Fort George,Canada,43.25,-79.0667,Americas,0.4552,0.4147,0.3044,0.2371,59.9768,83.6844,-10.511,32.5575,22.1833,17.9191,0.1845,0.5665
128,Fort Mississauga,Canada,43.2667,-79.0833,Americas,0.4551,0.4149,0.3044,0.2371,59.9875,83.6838,-10.511,32.5479,22.1667,17.9213,0.1845,0.5665
129,Fort Plaisance,Canada,47.25,-53.9667,Americas,0.4319,0.4456,0.3042,0.2144,74.1606,83.7433,-10.511,18.5901,47.2833,19.9881,0.1845,0.5665
130,Fort William,Canada,47.5667,-52.7,Americas,0.4304,0.4486,0.3035,0.2132,75.0394,83.743,-10.511,17.7289,48.55,20.1193,0.1845,0.5665
131,Castillo San Salvador de la Punta,Cuba,23.1333,-82.35,Americas,0.4869,0.1619,0.3293,0.2465,39.7663,84.1406,-10.511,51.6048,18.9,14.3303,0.1845,0.5665
132,Castillo de los Tres Reyes Magos del Morro,Cuba,23.15,-82.35,Americas,0.4869,0.1621,0.3293,0.2465,39.7816,84.1403,-10.511,51.5905,18.9,14.3331,0.1845,0.5665
133,Castillo del Príncipe,Cuba,23.1167,-82.4167,Americas,0.487,0.1617,0.3293,0.2465,39.7197,84.1405,-10.511,51.6505,18.8333,14.3234,0.1845,0.5665
134,Castillo de San Severino,Cuba,23.05,-81.5667,Americas,0.4864,0.1603,0.3302,0.2459,40.0655,84.1472,-10.511,51.3003,19.6833,14.3665,0.1845,0.5665
135,Fort San Cristóbal,Puerto Rico,18.4667,-66.1167,Americas,0.4756,0.0997,0.3492,0.233,46.2715,84.3258,-10.511,44.8218,35.1333,14.9903,0.1845,0.5665
136,Fort Conde de Mirasol,Puerto Rico,18.15,-65.4333,Americas,0.4751,0.0961,0.35,0.2323,46.5843,84.3351,-10.511,44.4905,35.8167,15.0179,0.1845,0.5665
137,Fortín San Juan de la Cruz,Puerto Rico,18.4667,-66.1667,Americas,0.4757,0.0997,0.3492,0.2331,46.2337,84.3254,-10.511,44.8597,35.0833,14.9852,0.1845,0.5665
138,Fort Barrancas,USA,30.35,-87.3,Americas,0.4792,0.2551,0.3156,0.2452,44.796,83.9671,-10.511,46.9934,13.95,15.3217,0.1845,0.5665
139,Fort Caroline,USA,30.3833,-81.5,Americas,0.4758,0.251,0.3211,0.2415,46.8751,84.0039,-10.511,44.9124,19.75,15.6004,0.1845,0.5665
140,Fort Delgrès,Guadeloupe (France),15.9833,-61.7167,Other,0.4721,0.0735,0.3546,0.2289,48.2016,84.3904,-10.511,42.7473,39.5333,15.1372,0.1845,0.5665
141,Fort Desaix,Martinique (France),14.6,-61.0667,Other,0.4724,0.0611,0.3568,0.2291,47.954,84.4112,-10.511,42.916,40.1833,15.0428,0.1845,0.5665
142,Fort Diamant,French Guiana,4.8833,-52.2667,Americas,0.4657,0.0043,0.3659,0.2222,51.458,84.5505,-10.511,38.8582,48.9833,15.0781,0.1845,0.5665
143,Fort Erie,Canada,42.9167,-79.0167,Americas,0.4556,0.4105,0.3049,0.2371,59.6743,83.6947,-10.511,32.8404,22.2333,17.864,0.1845,0.5665
144,Fort Frederick,USA,39.6167,-78.0,Americas,0.4599,0.3678,0.3106,0.2366,56.9009,83.7965,-10.511,35.4204,23.25,17.3475,0.1845,0.5665
145,Fort Gaines,USA,30.25,-88.0833,Americas,0.4798,0.2544,0.3149,0.2457,44.4674,83.9644,-10.511,47.3167,13.1667,15.2734,0.1845,0.5665
146,Fort Jackson,USA,29.35,-89.45,Americas,0.4818,0.2439,0.3145,0.2468,43.1867,83.9754,-10.511,48.5463,11.8,15.0627,0.1845,0.5665
147,Fort Macomb,USA,30.0667,-89.8,Americas,0.4808,0.2534,0.3133,0.2466,43.8221,83.9577,-10.511,47.9525,11.45,15.1792,0.1845,0.5665
148,Fort Macon,USA,34.7,-76.6833,Americas,0.4661,0.3031,0.3187,0.2363,52.8863,83.935,-10.511,39.1479,24.5667,16.5937,0.1845,0.5665
149,Fort Mifflin,USA,39.8667,-75.2167,Americas,0.4578,0.3688,0.3119,0.2344,58.1982,83.8086,-10.511,34.1358,26.0333,17.5316,0.1845,0.5665
150,Fort Morgan,USA,30.2333,-88.0167,Americas,0.4798,0.2542,0.315,0.2457,44.4697,83.9652,-10.511,47.3134,13.2333,15.273,0.1845,0.5665
151,Fort Pike,USA,30.1667,-89.7333,Americas,0.4806,0.2546,0.3133,0.2465,43.9403,83.956,-10.511,47.84,11.5167,15.1994,0.1845,0.5665
152,Fort Pulaski,USA,32.0333,-80.9,Americas,0.4729,0.2718,0.3193,0.2404,48.668,83.9706,-10.511,43.2145,20.35,15.9128,0.1845,0.5665
153,Fort San Carlos,USA,30.6667,-81.4667,Americas,0.4753,0.2546,0.3207,0.2413,47.1553,83.9978,-10.511,44.6486,19.7833,15.6503,0.1845,0.5665
154,Fort Sumter,USA,32.75,-79.8667,Americas,0.4712,0.2803,0.3192,0.2393,49.7547,83.9607,-10.511,42.1687,21.3833,16.0895,0.1845,0.5665
155,Citadelle de Besançon,France,47.2361,6.0269,Europe,0.3686,0.4188,0.3049,0.1702,90.0,84.25,-10.511,-19.402,107.2769,22.0994,0.1845,0.5665
156,La Citadelle dArras,France,50.2825,2.7589,Europe,0.3726,0.4568,0.2985,0.1764,90.0,84.1216,-10.511,-17.0023,104.0089,22.2348,0.1845,0.5665
157,La Citadelle de Blaye,France,45.1217,-0.6733,Europe,0.3761,0.3932,0.3045,0.1691,90.0,84.2581,-10.511,-14.8689,100.5767,22.0054,0.1845,0.5665
158,LEnceinte de Briançon,France,44.8958,6.6433,Europe,0.3675,0.3892,0.309,0.1662,90.0,84.3289,-10.511,-20.0449,107.8933,21.9954,0.1845,0.5665
159,La Place forte de Longwy,France,49.5167,5.7667,Europe,0.3692,0.447,0.3012,0.1742,90.0,84.1734,-10.511,-18.9994,107.0167,22.2007,0.1845,0.5665
160,La Place forte de Mont-Dauphin,France,44.6667,6.6167,Europe,0.3675,0.3862,0.3093,0.1658,90.0,84.3357,-10.511,-20.0464,107.8667,21.9852,0.1845,0.5665
161,Villefranche-de-Conflent,France,42.5833,2.3667,Europe,0.3724,0.3601,0.3103,0.1641,90.0,84.3614,-10.511,-17.09,103.6167,21.8926,0.1845,0.5665
162,Neuf-Brisach,France,48.0178,7.5281,Europe,0.367,0.4284,0.3044,0.1711,90.0,84.2379,-10.511,-20.3231,108.7781,22.1341,0.1845,0.5665
163,Citadelle de Lille,France,50.6333,3.0667,Europe,0.3723,0.461,0.2981,0.1769,90.0,84.1125,-10.511,-17.1723,104.3167,22.2504,0.1845,0.5665
164,Fort de l'Étoile,France,44.2,5.95,Europe,0.3682,0.3804,0.3097,0.1653,90.0,84.3442,-10.511,-19.6102,107.2,21.9644,0.1845,0.5665
165,Fort Barraux,France,45.4167,5.9667,Europe,0.3684,0.3959,0.3078,0.1673,90.0,84.3069,-10.511,-19.5244,107.2167,22.0185,0.1845,0.5665
166,Fort de Joux,France,46.8667,6.3667,Europe,0.3681,0.4141,0.3057,0.1695,90.0,84.2648,-10.511,-19.6683,107.6167,22.083,0.1845,0.5665
167,Fort de Douaumont,France,49.3167,5.4667,Europe,0.3695,0.4446,0.3014,0.1739,90.0,84.1774,-10.511,-18.826,106.7167,22.1919,0.1845,0.5665
168,Komárno Star Fort,Slovakia,47.7667,18.1167,Europe,0.3553,0.4248,0.3076,0.1675,90.0,84.3378,-10.511,-27.3329,119.3667,22.123,0.1845,0.5665
169,Festung Ehrenbreitstein,Germany,50.3667,7.6167,Europe,0.3674,0.4572,0.3006,0.1751,90.0,84.1611,-10.511,-20.0779,108.8667,22.2385,0.1845,0.5665
170,Festung Ulm,Germany,48.4,9.9833,Europe,0.3644,0.4329,0.3047,0.171,90.0,84.2468,-10.511,-21.8905,111.2333,22.1511,0.1845,0.5665
171,Festung Ingolstadt,Germany,48.7667,11.4333,Europe,0.3629,0.4373,0.3046,0.1712,90.0,84.2474,-10.511,-22.7746,112.6833,22.1674,0.1845,0.5665
172,Festung Germersheim,Germany,49.2167,8.3667,Europe,0.3664,0.4431,0.3028,0.1729,90.0,84.2059,-10.511,-20.7166,109.6167,22.1874,0.1845,0.5665
173,Festung Landau,Germany,49.2,8.1167,Europe,0.3666,0.4429,0.3027,0.1729,90.0,84.2043,-10.511,-20.5571,109.3667,22.1867,0.1845,0.5665
174,Festung Rastatt,Germany,48.85,8.2,Europe,0.3665,0.4386,0.3033,0.1723,90.0,84.2166,-10.511,-20.6587,109.45,22.1711,0.1845,0.5665
175,Zitadelle Spandau,Germany,52.5333,13.2,Europe,0.3624,0.4827,0.2988,0.1774,90.0,84.1357,-10.511,-23.1003,114.45,22.3348,0.1845,0.5665
176,Festung Küstrin,Poland,52.5833,14.65,Europe,0.361,0.4832,0.2991,0.1771,90.0,84.1465,-10.511,-23.9437,115.9,22.337,0.1845,0.5665
177,Festung Silberberg,Poland,50.5833,16.65,Europe,0.3581,0.4594,0.3027,0.1729,90.0,84.2322,-10.511,-25.6619,117.9,22.2481,0.1845,0.5665
178,Twierdza K?odzko,Poland,50.4333,16.65,Europe,0.3581,0.4576,0.303,0.1727,90.0,84.2372,-10.511,-25.7017,117.9,22.2415,0.1845,0.5665
179,Twierdza Nysa,Poland,50.4667,17.3333,Europe,0.3574,0.458,0.303,0.1725,90.0,84.242,-10.511,-26.1117,118.5833,22.243,0.1845,0.5665
180,Twierdza Modlin,Poland,52.45,20.6833,Europe,0.3551,0.4818,0.3,0.1753,90.0,84.2032,-10.511,-27.4891,121.9333,22.3311,0.1845,0.5665
181,Twierdza Przemy?l,Poland,49.7833,22.7667,Europe,0.3515,0.45,0.3044,0.1698,90.0,84.3116,-10.511,-29.6338,124.0167,22.2126,0.1845,0.5665
182,Twierdza Boyen,Poland,54.0333,21.7667,Europe,0.355,0.5002,0.2974,0.178,90.0,84.1571,-10.511,-27.5353,123.0167,22.4015,0.1845,0.5665
183,Twierdza Pozna?,Poland,52.4,16.9333,Europe,0.3587,0.481,0.2998,0.1762,90.0,84.1726,-10.511,-25.3321,118.1833,22.3289,0.1845,0.5665
184,Twierdza Zegrze,Poland,52.4667,21.0333,Europe,0.3548,0.482,0.3,0.1753,90.0,84.2056,-10.511,-27.6838,122.2833,22.3319,0.1845,0.5665
185,Akershus Fortress,Norway,59.9069,10.7364,Europe,0.3675,0.5642,0.286,0.1909,90.0,83.8471,-10.511,-20.0235,111.9864,22.6625,0.1845,0.5665
186,Bohus Fortress,Sweden,57.8667,11.9833,Europe,0.3657,0.5427,0.2897,0.1872,90.0,83.9341,-10.511,-21.1479,113.2333,22.5719,0.1845,0.5665
187,Varberg Fortress,Sweden,57.1,12.25,Europe,0.3651,0.5344,0.291,0.1858,90.0,83.9646,-10.511,-21.4767,113.5,22.5378,0.1845,0.5665
188,Karlskrona Naval Base,Sweden,56.1667,15.5833,Europe,0.3617,0.5241,0.2933,0.1833,90.0,84.0275,-10.511,-23.4934,116.8333,22.4963,0.1845,0.5665
189,Benten Daiba,Japan,35.6333,139.7667,Asia,0.3516,0.3387,0.3241,0.1559,90.0,85.0,-10.511,-29.5708,241.0167,21.5837,0.1845,0.5665
190,Cabo de Rama Fort,India,15.0833,74.05,Asia,0.2617,0.0564,0.3285,0.1053,90.0,85.0,-10.511,-83.5271,175.3,20.6704,0.1845,0.5665
191,Corjuem Fort,India,15.6667,73.9,Asia,0.2626,0.0611,0.3281,0.1057,90.0,85.0,-10.511,-83.0086,175.15,20.6963,0.1845,0.5665
192,Colombo Fort,Sri Lanka,6.9333,79.8333,Asia,0.2571,0.0098,0.3374,0.1035,90.0,85.0,-10.511,-86.2656,181.0833,20.3081,0.1845,0.5665
193,Karlsborg Fortress,Sweden,58.5167,14.5167,Europe,0.3638,0.5496,0.2892,0.1878,90.0,83.932,-10.511,-22.2585,115.7667,22.6007,0.1845,0.5665
194,Festung Wesel,Germany,51.6667,6.6167,Europe,0.3688,0.4729,0.2981,0.1776,90.0,84.1083,-10.511,-19.2805,107.8667,22.2963,0.1845,0.5665
195,Festung Minden,Germany,52.2833,8.9167,Europe,0.3666,0.48,0.298,0.1781,90.0,84.1071,-10.511,-20.5896,110.1667,22.3237,0.1845,0.5665
196,Festung Saarlouis,Germany,49.3167,6.75,Europe,0.3681,0.4445,0.3019,0.1735,90.0,84.1886,-10.511,-19.6575,108.0,22.1919,0.1845,0.5665
197,Zitadelle Jülich,Germany,50.9167,6.3667,Europe,0.3689,0.4639,0.2992,0.1764,90.0,84.1317,-10.511,-19.2206,107.6167,22.263,0.1845,0.5665
198,Twierdza Zamo??,Poland,50.7167,23.25,Europe,0.3516,0.4613,0.3029,0.1715,90.0,84.2844,-10.511,-29.591,124.5,22.2541,0.1845,0.5665
199,Twierdza Kamieniec Podolski,Ukraine,48.6833,26.5667,Europe,0.347,0.4369,0.3059,0.1668,90.0,84.3803,-10.511,-32.3457,127.8167,22.1637,0.1845,0.5665
200,Twierdza Chocim,Ukraine,48.5167,26.4833,Europe,0.347,0.4348,0.3062,0.1665,90.0,84.3851,-10.511,-32.3603,127.7333,22.1563,0.1845,0.5665
201,Twierdza Ostroh,Ukraine,50.3333,26.5167,Europe,0.3481,0.457,0.3032,0.1699,90.0,84.3251,-10.511,-31.655,127.7667,22.237,0.1845,0.5665
202,Twierdza Dubno,Ukraine,50.4,25.75,Europe,0.3489,0.4577,0.3032,0.1702,90.0,84.3164,-10.511,-31.1804,127.0,22.24,0.1845,0.5665
203,Fort Tiracol,India,15.9333,73.6667,Asia,0.2631,0.0633,0.3277,0.1059,90.0,85.0,-10.511,-82.6606,174.9167,20.7081,0.1845,0.5665
204,Fort Chapora,India,15.6,73.7333,Asia,0.2627,0.0605,0.3279,0.1057,90.0,85.0,-10.511,-82.9458,174.9833,20.6933,0.1845,0.5665
205,Fort Sinquerim,India,15.5,73.7667,Asia,0.2625,0.0597,0.328,0.1056,90.0,85.0,-10.511,-83.0395,175.0167,20.6889,0.1845,0.5665
206,Fort Gaspar Dias,India,15.5,73.8333,Asia,0.2624,0.0597,0.3281,0.1056,90.0,85.0,-10.511,-83.0846,175.0833,20.6889,0.1845,0.5665
207,Fort Mormugao,India,15.4,73.8,Asia,0.2623,0.0589,0.3281,0.1055,90.0,85.0,-10.511,-83.133,175.05,20.6844,0.1845,0.5665
208,Fort Anjediva,India,14.7667,74.1167,Asia,0.2612,0.0539,0.3287,0.1051,90.0,85.0,-10.511,-83.792,175.3667,20.6563,0.1845,0.5665
209,Fort Sadashivgad,India,14.8167,74.1333,Asia,0.2613,0.0543,0.3287,0.1051,90.0,85.0,-10.511,-83.7697,175.3833,20.6585,0.1845,0.5665
210,Fort Devagad,India,16.9833,73.3167,Asia,0.2648,0.0722,0.327,0.1067,90.0,85.0,-10.511,-81.6508,174.5667,20.7548,0.1845,0.5665
211,Fort Ratnagiri,India,16.9833,73.3,Asia,0.2648,0.0722,0.3269,0.1067,90.0,85.0,-10.511,-81.6406,174.55,20.7548,0.1845,0.5665
212,Fort Viziadurg,India,16.5667,73.5667,Asia,0.264,0.0687,0.3274,0.1064,90.0,85.0,-10.511,-82.1236,174.8167,20.7363,0.1845,0.5665
213,Fort Santo António de Zaire,Angola,-6.1167,12.3667,Africa,0.3645,0.0306,0.3679,0.1409,90.0,85.0,-10.511,-21.8522,113.6167,20.2719,0.1845,0.5665
214,Fortaleza de São Miguel de Ambriz,Angola,-7.85,13.1167,Africa,0.364,0.0422,0.367,0.1409,90.0,85.0,-10.511,-22.144,114.3667,20.3489,0.1845,0.5665
215,Fort Amherst,Canada,47.5667,-52.6833,Americas,0.4304,0.4486,0.3035,0.2131,75.0481,83.7431,-10.511,17.7202,48.5667,20.1205,0.1845,0.5665
